image_id,psnr,ssim,time_seconds
000000000724.jpg,19.9014,0.7354,0.739
000000000776.jpg,17.8097,0.6961,0.945
000000001425.jpg,22.987,0.7809,1.096
000000001584.jpg,16.7926,0.6649,1.239
000000002261.jpg,17.0909,0.6229,0.905
000000002473.jpg,11.8713,0.7833,1.004
000000004765.jpg,19.3472,0.6378,1.319
000000005529.jpg,24.3372,0.7584,0.996
000000006040.jpg,16.7586,0.7859,0.812
000000006763.jpg,21.4757,0.6983,0.701
000000007784.jpg,15.7377,0.5616,0.684
000000007818.jpg,24.4729,0.782,0.877
000000009448.jpg,13.9306,0.6662,1.22
000000012576.jpg,18.53,0.6477,1.012
000000016228.jpg,22.8162,0.7659,0.94
000000017379.jpg,17.8889,0.5576,0.945
000000019432.jpg,17.6366,0.8044,1.108
000000020333.jpg,17.0899,0.7308,1.012
000000020992.jpg,19.8976,0.4249,0.623
000000021167.jpg,33.4396,0.9886,1.037
000000022705.jpg,21.986,0.7254,0.914
000000023272.jpg,20.1985,0.7371,0.672
000000025228.jpg,19.5874,0.6697,0.955
000000026926.jpg,17.4579,0.6667,0.864
000000027620.jpg,19.1008,0.6398,0.924
000000027768.jpg,20.4082,0.7645,1.33
000000031817.jpg,19.2653,0.6776,0.815
000000033221.jpg,18.7634,0.8216,0.711
000000033759.jpg,19.7813,0.8573,1.026
000000034760.jpg,16.7796,0.7309,1.073
000000034873.jpg,21.8055,0.7777,1.056
000000037689.jpg,20.5366,0.835,0.931
000000039405.jpg,24.8725,0.7922,1.088
000000039769.jpg,14.1713,0.7105,0.998
000000039914.jpg,19.8049,0.79,1.034
000000041990.jpg,20.8002,0.8335,1.051
000000042178.jpg,23.2455,0.6354,1.037
000000042889.jpg,17.6282,0.688,0.695
000000046463.jpg,21.4783,0.7366,0.657
000000047010.jpg,18.9022,0.6813,0.977
000000047121.jpg,25.1713,0.9068,0.934
000000050380.jpg,20.6943,0.7839,0.966
000000051738.jpg,17.9427,0.6469,0.716
000000052413.jpg,21.1924,0.7101,0.602
000000052565.jpg,22.7979,0.6504,0.997
000000053624.jpg,20.5121,0.6849,0.844
000000054164.jpg,22.0603,0.8861,0.974
000000054592.jpg,22.9569,0.7539,0.793
000000054605.jpg,21.6612,0.8045,1.246
000000056288.jpg,18.2664,0.6427,0.906
000000056545.jpg,21.0311,0.7067,1.013
000000059386.jpg,18.0386,0.5959,0.942
000000060052.jpg,16.7336,0.5631,0.925
000000061418.jpg,19.9467,0.6976,1.031
000000062692.jpg,18.2221,0.7566,0.94
000000063552.jpg,15.7704,0.6216,1.218
000000064359.jpg,20.8428,0.7338,0.626
000000064495.jpg,16.598,0.5955,0.952
000000064574.jpg,18.0301,0.5198,1.064
000000064868.jpg,20.4186,0.6463,0.712
000000064898.jpg,19.8092,0.6572,0.827
000000065455.jpg,20.1052,0.8248,0.604
000000066523.jpg,19.3176,0.5625,0.925
000000066561.jpg,21.2425,0.6337,0.951
000000066771.jpg,20.6037,0.8068,1.077
000000067534.jpg,16.0014,0.7118,0.688
000000067896.jpg,21.7571,0.7164,0.926
000000068387.jpg,19.4511,0.8081,1.096
000000070739.jpg,18.0354,0.6797,1.094
000000070774.jpg,25.6453,0.9139,1.027
000000075612.jpg,16.4298,0.5227,1.048
000000076731.jpg,16.1427,0.5396,0.971
000000077595.jpg,20.6996,0.7993,0.973
000000079034.jpg,23.8158,0.9727,1.066
000000081394.jpg,18.9609,0.7281,0.99
000000082688.jpg,14.4326,0.6371,0.935
000000083531.jpg,17.5028,0.6241,0.466
000000087144.jpg,21.0283,0.8388,1.009
000000088432.jpg,20.4581,0.7622,0.965
000000088848.jpg,19.0187,0.8005,1.572
000000089271.jpg,17.4506,0.6047,1.047
000000089296.jpg,19.6443,0.8273,0.953
000000089648.jpg,17.5385,0.6245,0.943
000000090003.jpg,18.1467,0.7626,1.031
000000092177.jpg,17.1845,0.7186,1.343
000000092660.jpg,17.815,0.7851,0.935
000000093965.jpg,23.3554,0.7968,1.025
000000094336.jpg,17.4716,0.719,0.64
000000096001.jpg,15.7112,0.4359,0.935
000000097278.jpg,15.4757,0.7444,1.17
000000098392.jpg,28.2157,0.9307,1.01
000000098520.jpg,20.5475,0.7525,1.012
000000098839.jpg,26.4093,0.8101,1.063
000000099114.jpg,22.3241,0.7776,0.575
000000102411.jpg,24.004,0.814,0.907
000000102707.jpg,21.4163,0.6565,1.222
000000103548.jpg,20.3608,0.7969,1.012
000000104612.jpg,21.238,0.7762,1.045
000000104669.jpg,16.6415,0.6525,0.675
000000105455.jpg,19.4697,0.6623,0.899
000000106048.jpg,19.0122,0.7202,0.899
000000107554.jpg,18.1872,0.8312,1.061
000000107851.jpg,22.879,0.7422,2.399
000000108253.jpg,17.8668,0.7157,0.98
000000110784.jpg,22.5099,0.7917,0.939
000000111179.jpg,17.2775,0.8356,1.117
000000111207.jpg,22.2018,0.7959,0.836
000000111951.jpg,12.7411,0.5947,0.999
000000117374.jpg,21.9525,0.7882,0.85
000000118209.jpg,23.1847,0.9492,1.144
000000121586.jpg,21.6796,0.7799,1.081
000000121673.jpg,15.4239,0.5463,0.625
000000122927.jpg,23.841,0.8403,0.782
000000124659.jpg,19.948,0.6133,1.113
000000124975.jpg,22.3957,0.7567,0.919
000000125405.jpg,23.8808,0.829,0.926
000000127476.jpg,20.0582,0.8024,1.109
000000127494.jpg,21.1928,0.7428,0.473
000000128476.jpg,20.5431,0.6937,0.929
000000128654.jpg,20.9091,0.8154,0.647
000000130386.jpg,20.8691,0.7795,0.671
000000133418.jpg,14.9063,0.7351,0.881
000000134322.jpg,19.1842,0.7295,1.121
000000134886.jpg,16.8631,0.7411,1.247
000000137727.jpg,18.7238,0.7818,0.905
000000142324.jpg,22.0878,0.7418,1.038
000000142472.jpg,19.9973,0.7968,1.127
000000143068.jpg,19.1508,0.7815,0.472
000000144300.jpg,21.0802,0.8708,0.929
000000147745.jpg,17.211,0.7053,1.002
000000149568.jpg,21.7294,0.9028,1.14
000000149770.jpg,15.7979,0.583,0.144
000000150649.jpg,17.81,0.7593,0.516
000000152465.jpg,24.2543,0.9025,1.107
000000152771.jpg,19.2465,0.7781,0.855
000000153217.jpg,16.6953,0.5958,0.634
000000153669.jpg,16.8599,0.4397,0.971
000000154000.jpg,14.875,0.6211,1.028
000000154213.jpg,20.3864,0.646,0.653
000000155291.jpg,16.6055,0.6334,0.868
000000156292.jpg,25.012,0.9324,0.954
000000156372.jpg,22.3624,0.7868,0.548
000000157138.jpg,15.8808,0.7001,0.593
000000157928.jpg,24.6339,0.83,0.881
000000158744.jpg,26.9305,0.8768,0.899
000000159977.jpg,21.3898,0.6501,1.108
000000162581.jpg,21.6821,0.7692,1.002
000000163562.jpg,16.7478,0.6372,0.551
000000166259.jpg,18.452,0.6924,0.881
000000167122.jpg,25.3827,0.7356,1.02
000000168330.jpg,19.3316,0.6047,1.022
000000170116.jpg,19.7714,0.7597,1.051
000000170191.jpg,20.0615,0.5988,1.177
000000170670.jpg,19.1097,0.7088,0.924
000000173371.jpg,18.5281,0.7158,1.239
000000176606.jpg,17.5345,0.7127,0.906
000000179642.jpg,16.2651,0.5909,1.039
000000179765.jpg,17.4341,0.5954,1.061
000000179898.jpg,18.3161,0.6222,0.938
000000180011.jpg,19.6629,0.7601,1.099
000000180798.jpg,12.6996,0.7158,0.618
000000181303.jpg,16.669,0.8692,0.814
000000181666.jpg,10.4288,0.735,0.93
000000182155.jpg,15.0703,0.6673,0.972
000000183127.jpg,18.9595,0.5097,0.893
000000185409.jpg,19.1959,0.727,1.067
000000186632.jpg,22.2707,0.8995,0.842
000000186637.jpg,22.1013,0.9386,0.821
000000186929.jpg,13.1015,0.591,0.561
000000187055.jpg,15.4222,0.7445,0.876
000000188439.jpg,21.5121,0.8677,0.898
000000190236.jpg,19.9749,0.7866,0.812
000000190756.jpg,15.9479,0.7337,1.066
000000195754.jpg,19.0316,0.673,0.866
000000196141.jpg,20.4258,0.7578,0.896
000000196185.jpg,17.0255,0.8154,0.801
000000196843.jpg,17.0766,0.8336,0.888
000000197388.jpg,19.1181,0.7235,0.711
000000198641.jpg,17.5399,0.6233,0.964
000000199236.jpg,18.8373,0.7562,0.782
000000199681.jpg,29.2168,0.84,0.997
000000200162.jpg,18.1446,0.7442,0.975
000000200252.jpg,16.4576,0.4946,0.626
000000200961.jpg,18.5899,0.628,0.977
000000201775.jpg,19.0811,0.5945,0.567
000000205105.jpg,25.1008,0.746,0.872
000000205647.jpg,13.6653,0.8067,0.942
000000205776.jpg,24.0141,0.725,0.913
000000206135.jpg,28.3655,0.9826,0.995
000000206411.jpg,19.1355,0.5777,1.02
000000206994.jpg,18.0409,0.8546,0.923
000000207306.jpg,19.2681,0.7757,0.658
000000209972.jpg,21.1515,0.7792,0.688
000000210230.jpg,19.6319,0.8323,0.95
000000210299.jpg,20.7211,0.9089,0.944
000000211674.jpg,21.1428,0.8093,0.885
000000214192.jpg,20.1675,0.9423,0.946
000000214205.jpg,22.4491,0.7762,0.848
000000215245.jpg,20.0365,0.8453,0.988
000000215259.jpg,18.0286,0.6517,0.542
000000216636.jpg,15.9389,0.5061,1.005
000000219440.jpg,24.1241,0.8579,0.836
000000219578.jpg,15.2005,0.6354,0.841
000000222118.jpg,19.8493,0.8216,0.865
000000222299.jpg,19.4988,0.7224,0.654
000000223130.jpg,18.4411,0.6493,0.863
000000223738.jpg,19.7373,0.7975,1.357
000000224337.jpg,22.5501,0.697,0.892
000000225405.jpg,17.3322,0.7022,0.998
000000226111.jpg,17.1732,0.7698,1.144
000000226984.jpg,19.286,0.6101,0.981
000000228981.jpg,15.5428,0.7068,1.264
000000229659.jpg,17.2124,0.7971,1.011
000000229849.jpg,17.2565,0.689,0.833
000000230008.jpg,19.7555,0.8143,0.77
000000230166.jpg,20.1136,0.6108,0.985
000000231237.jpg,18.055,0.7573,0.591
000000231549.jpg,23.2051,0.6688,0.885
000000232538.jpg,19.5678,0.7076,0.992
000000232646.jpg,16.1841,0.6376,1.07
000000233033.jpg,20.1702,0.7519,1.028
000000234366.jpg,18.0199,0.7732,0.91
000000234526.jpg,19.1083,0.8832,1.265
000000235778.jpg,21.1961,0.8012,0.739
000000235836.jpg,19.5473,0.8946,0.815
000000239318.jpg,18.9772,0.7122,0.658
000000245320.jpg,22.0212,0.8367,0.928
000000245576.jpg,17.6929,0.7013,1.037
000000246454.jpg,30.1033,0.8635,1.455
000000247917.jpg,17.8376,0.6662,1.229
000000248334.jpg,17.8037,0.65,0.638
000000248810.jpg,21.3221,0.7671,0.644
000000249180.jpg,22.5312,0.8715,0.944
000000249643.jpg,20.6222,0.8218,1.039
000000250127.jpg,20.0335,0.7989,1.295
000000250137.jpg,21.3278,0.7836,0.987
000000250282.jpg,20.7088,0.7026,0.908
000000250619.jpg,16.1192,0.5271,0.919
000000252216.jpg,15.9281,0.4794,0.939
000000252294.jpg,16.5111,0.6199,0.694
000000252776.jpg,20.7265,0.82,0.878
000000255718.jpg,18.4767,0.7311,1.03
000000257624.jpg,18.7089,0.6975,0.915
000000260657.jpg,16.1429,0.6679,0.52
000000261888.jpg,19.5788,0.8551,0.902
000000262938.jpg,17.2597,0.6799,0.993
000000263068.jpg,22.388,0.73,0.584
000000263299.jpg,17.3793,0.6698,0.49
000000263463.jpg,21.4002,0.8516,0.997
000000263474.jpg,18.8941,0.6889,1.137
000000263796.jpg,20.0279,0.8025,1.085
000000267351.jpg,16.2441,0.7895,0.871
000000269196.jpg,17.4026,0.6948,0.972
000000270244.jpg,21.3299,0.6403,0.842
000000270386.jpg,19.473,0.8084,0.747
000000272136.jpg,19.2866,0.61,1.04
000000274272.jpg,23.6401,0.8304,1.105
000000278749.jpg,19.1934,0.7812,0.636
000000279145.jpg,19.2141,0.7819,1.053
000000281414.jpg,17.9186,0.4915,0.959
000000282046.jpg,25.5771,0.7762,0.536
000000284106.jpg,15.7023,0.6622,0.912
000000284743.jpg,19.8917,0.8094,5.281
000000285349.jpg,15.2771,0.5075,0.708
000000286182.jpg,15.2518,0.7232,1.036
000000286523.jpg,18.2716,0.6197,1.015
000000287667.jpg,19.2953,0.6377,1.008
000000288862.jpg,22.2695,0.7391,0.883
000000289594.jpg,23.4372,0.8197,1.138
000000291551.jpg,17.6664,0.7123,0.979
000000292005.jpg,13.1863,0.6414,1.172
000000292415.jpg,12.8807,0.7085,2.183
000000293245.jpg,16.906,0.6249,1.058
000000294350.jpg,22.593,0.8684,0.925
000000296284.jpg,18.8814,0.697,0.332
000000296634.jpg,19.8564,0.5886,1.013
000000296657.jpg,21.4584,0.8658,1.036
000000297085.jpg,21.0137,0.7569,0.572
000000297578.jpg,22.6192,0.7064,0.514
000000298396.jpg,22.908,0.793,1.222
000000298697.jpg,15.8117,0.8155,1.089
000000304560.jpg,20.0495,0.8834,0.903
000000307074.jpg,17.0528,0.5741,0.521
000000307145.jpg,18.1757,0.6538,0.421
000000308753.jpg,19.3331,0.6948,1.083
000000310980.jpg,22.5414,0.739,0.832
000000312192.jpg,18.333,0.6624,0.972
000000312237.jpg,16.7125,0.7456,0.665
000000312489.jpg,21.3135,0.708,0.593
000000313562.jpg,18.353,0.7077,1.008
000000314914.jpg,18.0631,0.7675,0.897
000000317999.jpg,20.0209,0.6775,1.118
000000319617.jpg,21.1746,0.617,0.305
000000320706.jpg,17.7175,0.5307,0.975
000000322352.jpg,21.206,0.7873,0.582
000000322864.jpg,15.5376,0.5823,0.969
000000322895.jpg,20.6136,0.6582,1.132
000000325031.jpg,17.6928,0.7385,1.332
000000326128.jpg,18.5078,0.708,0.992
000000327769.jpg,17.0712,0.7696,0.911
000000331075.jpg,20.9043,0.8081,1.258
000000331604.jpg,18.2529,0.6539,1.006
000000333697.jpg,22.8082,0.7938,0.897
000000335529.jpg,19.475,0.802,0.916
000000336209.jpg,21.578,0.7474,0.92
000000337055.jpg,21.1793,0.7322,0.888
000000340272.jpg,17.2702,0.771,0.821
000000341681.jpg,16.4391,0.4756,0.798
000000343803.jpg,17.8204,0.5872,0.963
000000343976.jpg,23.4723,0.8545,0.635
000000344795.jpg,22.2145,0.8199,3.482
000000345397.jpg,19.5533,0.6298,0.608
000000346232.jpg,16.6508,0.739,0.906
000000346638.jpg,18.1406,0.6546,1.223
000000350054.jpg,20.8584,0.7214,0.618
000000350388.jpg,15.693,0.4337,1.057
000000350833.jpg,16.0804,0.5802,0.941
000000354829.jpg,22.0993,0.6374,0.578
000000355325.jpg,18.5462,0.6329,1.029
000000358427.jpg,21.666,0.6192,0.796
000000359219.jpg,20.214,0.508,1.064
000000359540.jpg,19.8695,0.7003,1.01
000000359833.jpg,17.6501,0.6807,1.003
000000360137.jpg,19.3421,0.5968,1.37
000000360325.jpg,16.4183,0.6567,0.993
000000361506.jpg,21.4125,0.5998,1.119
000000362434.jpg,20.4927,0.7169,0.632
000000364102.jpg,22.6005,0.7806,0.828
000000364636.jpg,15.2959,0.5727,1.087
000000365098.jpg,16.2539,0.5421,0.914
000000369503.jpg,24.1732,0.7313,0.628
000000374551.jpg,18.6423,0.6755,0.542
000000374727.jpg,20.4257,0.794,0.872
000000376856.jpg,13.8355,0.6379,1.003
000000377239.jpg,15.8162,0.5377,0.929
000000377486.jpg,20.2562,0.8045,0.987
000000377575.jpg,21.0442,0.811,0.88
000000377588.jpg,19.3092,0.7876,0.934
000000378284.jpg,16.0832,0.5411,0.952
000000378453.jpg,18.0395,0.8374,0.599
000000379533.jpg,17.5461,0.8114,1.382
000000379842.jpg,20.8737,0.6524,0.77
000000382009.jpg,21.5583,0.7509,0.925
000000383842.jpg,19.4595,0.6761,0.901
000000384350.jpg,16.5863,0.7472,0.975
000000384651.jpg,19.3317,0.8917,0.946
000000385997.jpg,20.6783,0.7504,0.928
000000389316.jpg,20.1244,0.6986,0.721
000000389684.jpg,21.5056,0.8908,1.081
000000390301.jpg,21.7778,0.897,0.622
000000393115.jpg,20.4359,0.7306,1.254
000000397354.jpg,21.5185,0.7731,1.046
000000397681.jpg,13.6543,0.7899,1.4
000000398810.jpg,25.2816,0.8374,0.781
000000400573.jpg,20.9451,0.8127,1.163
000000400803.jpg,17.0759,0.7212,0.951
000000401250.jpg,13.5536,0.8159,0.914
000000401991.jpg,18.1295,0.753,0.803
000000402096.jpg,20.1615,0.5959,1.075
000000402346.jpg,19.6656,0.5864,1.032
000000403565.jpg,16.9147,0.8155,0.977
000000405432.jpg,16.0334,0.7912,0.632
000000406570.jpg,16.4395,0.6623,1.009
000000407646.jpg,15.1577,0.7582,0.69
000000407650.jpg,20.3081,0.7382,1.113
000000409198.jpg,22.6882,0.7152,0.842
000000409268.jpg,21.6791,0.7145,0.961
000000411953.jpg,12.2634,0.262,0.734
000000412286.jpg,26.2744,0.7531,0.492
000000414133.jpg,16.5997,0.9262,1.059
000000414261.jpg,21.3227,0.6356,0.889
000000415748.jpg,15.0419,0.5459,0.968
000000415882.jpg,14.1732,0.6752,1.116
000000419096.jpg,24.0819,0.8488,1.311
000000419312.jpg,19.4424,0.7236,0.709
000000420230.jpg,19.788,0.6405,0.996
000000426253.jpg,25.3137,0.7695,1.033
000000426372.jpg,19.0136,0.7495,0.941
000000428867.jpg,24.4878,0.8316,0.598
000000430875.jpg,19.8134,0.8266,0.637
000000430973.jpg,12.1703,0.5384,0.912
000000432553.jpg,19.894,0.7099,0.863
000000433134.jpg,17.1937,0.7678,1.056
000000434548.jpg,18.0526,0.7662,1.122
000000436315.jpg,17.5863,0.7596,0.99
000000436883.jpg,19.1924,0.7221,0.887
000000437351.jpg,18.0181,0.6675,0.694
000000438304.jpg,18.8958,0.6782,0.966
000000439994.jpg,19.8263,0.7616,0.821
000000440336.jpg,18.066,0.7543,0.647
000000442661.jpg,19.1678,0.7289,0.995
000000445602.jpg,15.6563,0.6647,1.018
000000446117.jpg,17.284,0.6745,1.033
000000448263.jpg,18.5339,0.761,0.349
000000450202.jpg,22.4041,0.8909,0.581
000000450399.jpg,21.7854,0.7683,1.13
000000450488.jpg,23.9473,0.7824,0.619
000000452084.jpg,20.2346,0.7962,1.335
000000452122.jpg,16.9305,0.9016,0.879
000000453634.jpg,14.8713,0.7178,1.101
000000457848.jpg,21.3839,0.7695,0.846
000000460379.jpg,18.3514,0.7433,0.873
000000460682.jpg,21.0982,0.7393,0.428
000000460927.jpg,23.1958,0.7988,0.762
000000461275.jpg,20.7913,0.7364,0.562
000000463283.jpg,17.3747,0.68,1.323
000000466602.jpg,16.5999,0.5397,0.986
000000467848.jpg,20.9757,0.7391,0.962
000000473118.jpg,21.7422,0.6145,0.574
000000474078.jpg,16.0601,0.5337,1.043
000000475678.jpg,16.6346,0.6348,1.011
000000477805.jpg,29.469,0.9617,11.47
000000477955.jpg,8.7473,0.4598,1.001
000000478420.jpg,18.2863,0.6793,1.142
000000479596.jpg,12.5508,0.7056,1.013
000000480021.jpg,21.1096,0.7508,0.944
000000480212.jpg,19.9656,0.6963,0.975
000000481573.jpg,20.2229,0.7697,1.267
000000481582.jpg,21.0363,0.7108,0.899
000000482978.jpg,18.837,0.7078,0.802
000000483531.jpg,19.2326,0.672,1.006
000000486046.jpg,21.6188,0.7598,0.97
000000488385.jpg,22.4106,0.6868,0.905
000000490413.jpg,15.3707,0.8254,0.548
000000492110.jpg,22.0778,0.7252,0.883
000000494634.jpg,14.4799,0.7834,1.036
000000500423.jpg,19.6788,0.698,0.948
000000501243.jpg,20.3247,0.7241,0.878
000000501368.jpg,11.9363,0.7289,0.617
000000502910.jpg,17.1565,0.6911,0.92
000000504074.jpg,24.682,0.7887,0.926
000000505789.jpg,19.3585,0.8003,0.992
000000507042.jpg,22.0257,0.7214,0.842
000000508730.jpg,17.2522,0.5649,1.04
000000508917.jpg,21.5547,0.7865,0.775
000000509260.jpg,20.1274,0.7125,0.648
000000509735.jpg,20.1117,0.6524,0.978
000000511384.jpg,17.2114,0.6796,0.98
000000511760.jpg,24.8434,0.9034,0.661
000000512194.jpg,12.0366,0.5459,0.994
000000512248.jpg,15.9027,0.7081,1.124
000000512985.jpg,24.1413,0.8806,1.012
000000514797.jpg,17.0561,0.7032,0.914
000000515579.jpg,21.1765,0.7229,0.531
000000517056.jpg,21.6972,0.7743,1.148
000000517687.jpg,16.5565,0.6487,0.799
000000518213.jpg,16.2527,0.7987,1.015
000000520707.jpg,16.6425,0.5649,1.023
000000521819.jpg,21.9287,0.8575,1.206
000000522638.jpg,16.6584,0.5796,0.899
000000523782.jpg,18.5869,0.6446,1.062
000000523957.jpg,22.2374,0.8302,0.933
000000524742.jpg,15.0672,0.6139,0.992
000000525322.jpg,10.6304,0.6547,1.117
000000526392.jpg,21.2568,0.6813,0.519
000000527029.jpg,19.7245,0.6548,1.299
000000527220.jpg,16.2684,0.7174,0.338
000000528399.jpg,17.6397,0.6796,0.945
000000529528.jpg,20.3106,0.7044,0.577
000000532058.jpg,21.1728,0.6608,1.12
000000532761.jpg,20.3878,0.651,0.975
000000533145.jpg,19.8329,0.5821,0.672
000000533206.jpg,18.3739,0.6605,0.959
000000534827.jpg,22.7689,0.7227,2.266
000000537506.jpg,19.3543,0.8671,0.707
000000540414.jpg,20.3006,0.7294,1.037
000000540466.jpg,19.7392,0.7536,0.879
000000542423.jpg,21.643,0.7735,1.559
000000543043.jpg,19.0831,0.7738,1.032
000000544811.jpg,17.2837,0.8366,0.804
000000549055.jpg,23.3993,0.8671,0.687
000000549674.jpg,16.2961,0.7412,1.099
000000550084.jpg,21.1528,0.8935,0.639
000000550714.jpg,14.1028,0.8348,1.12
000000551822.jpg,19.113,0.7067,0.972
000000552612.jpg,20.4965,0.6747,1.186
000000553339.jpg,26.8691,0.8765,0.636
000000553776.jpg,21.8852,0.8028,1.033
000000555050.jpg,17.4116,0.624,0.594
000000556765.jpg,22.6753,0.7074,0.853
000000556873.jpg,21.9958,0.8343,1.037
000000557672.jpg,19.6882,0.8118,1.004
000000558073.jpg,15.8401,0.6366,0.742
000000561679.jpg,20.3476,0.7697,1.094
000000561889.jpg,16.9612,0.682,0.935
000000562243.jpg,23.4467,0.7403,1.393
000000563470.jpg,19.6257,0.811,0.987
000000566758.jpg,16.043,0.5663,1.136
000000567432.jpg,21.0415,0.4988,0.935
000000568195.jpg,18.0314,0.8096,0.952
000000568584.jpg,18.0404,0.6396,1.413
000000568710.jpg,22.1761,0.758,0.811
000000570736.jpg,17.5681,0.5913,0.851
000000573258.jpg,16.9565,0.8166,0.947
000000575243.jpg,16.6989,0.6682,0.945
000000576654.jpg,16.5186,0.7155,1.003
000000578093.jpg,21.6129,0.7624,1.119
000000578500.jpg,16.6286,0.6573,0.744
000000580294.jpg,21.4198,0.6872,1.039
000000580418.jpg,19.8717,0.7096,0.924
