image,psnr_winner,ssim_winner,lpips_winner
000000000311.jpg,DeOldify (GAN),DeOldify (GAN),DeOldify (GAN)
000000002380.jpg,DeOldify (GAN),DeOldify (GAN),DeOldify (GAN)
000000002418.jpg,Zhang16 Fine-tuned (Ours),Zhang16 Fine-tuned (Ours),DeOldify (GAN)
000000002427.jpg,DeOldify (GAN),DeOldify (GAN),DeOldify (GAN)
000000002439.jpg,DeOldify (GAN),DeOldify (GAN),DeOldify (GAN)
000000002797.jpg,Zhang16 Fine-tuned (Ours),Zhang16 Fine-tuned (Ours),Zhang16 Fine-tuned (Ours)
000000002925.jpg,DeOldify (GAN),DeOldify (GAN),DeOldify (GAN)
000000003384.jpg,DeOldify (GAN),DeOldify (GAN),DeOldify (GAN)
000000003748.jpg,DeOldify (GAN),DeOldify (GAN),DeOldify (GAN)
000000004649.jpg,Zhang16 Fine-tuned (Ours),Zhang16 Fine-tuned (Ours),DeOldify (GAN)
000000005401.jpg,Zhang16 Fine-tuned (Ours),Zhang16 Fine-tuned (Ours),DeOldify (GAN)
000000005578.jpg,Zhang16 Fine-tuned (Ours),Zhang16 Fine-tuned (Ours),DeOldify (GAN)
000000005976.jpg,DeOldify (GAN),Zhang16 Fine-tuned (Ours),DeOldify (GAN)
000000007543.jpg,DeOldify (GAN),DeOldify (GAN),DeOldify (GAN)
000000007843.jpg,DeOldify (GAN),Zhang16 Fine-tuned (Ours),DeOldify (GAN)
000000008258.jpg,Zhang16 Fine-tuned (Ours),Zhang16 Fine-tuned (Ours),Zhang16 Fine-tuned (Ours)
000000008609.jpg,Zhang16 Pretrained,Zhang16 Fine-tuned (Ours),Zhang16 Fine-tuned (Ours)
000000009264.jpg,DeOldify (GAN),DeOldify (GAN),DeOldify (GAN)
000000009703.jpg,DeOldify (GAN),Zhang16 Fine-tuned (Ours),DeOldify (GAN)
000000011379.jpg,Zhang16 Fine-tuned (Ours),Zhang16 Fine-tuned (Ours),DeOldify (GAN)
000000011413.jpg,DeOldify (GAN),Zhang16 Fine-tuned (Ours),DeOldify (GAN)
000000011958.jpg,Zhang16 Fine-tuned (Ours),Zhang16 Fine-tuned (Ours),DeOldify (GAN)
000000013207.jpg,DeOldify (GAN),DeOldify (GAN),DeOldify (GAN)
000000014119.jpg,DeOldify (GAN),Zhang16 Fine-tuned (Ours),DeOldify (GAN)
000000014224.jpg,Zhang16 Fine-tuned (Ours),DeOldify (GAN),DeOldify (GAN)
000000014408.jpg,DeOldify (GAN),Zhang16 Fine-tuned (Ours),DeOldify (GAN)
000000014550.jpg,Zhang16 Fine-tuned (Ours),Zhang16 Fine-tuned (Ours),DeOldify (GAN)
000000015088.jpg,DeOldify (GAN),DeOldify (GAN),DeOldify (GAN)
000000015568.jpg,Zhang16 Fine-tuned (Ours),Zhang16 Fine-tuned (Ours),DeOldify (GAN)
000000015602.jpg,Zhang16 Fine-tuned (Ours),Zhang16 Fine-tuned (Ours),DeOldify (GAN)
000000016833.jpg,DeOldify (GAN),Zhang16 Fine-tuned (Ours),DeOldify (GAN)
000000017568.jpg,Zhang16 Fine-tuned (Ours),Zhang16 Fine-tuned (Ours),DeOldify (GAN)
000000017974.jpg,DeOldify (GAN),Zhang16 Fine-tuned (Ours),DeOldify (GAN)
000000019204.jpg,DeOldify (GAN),DeOldify (GAN),DeOldify (GAN)
000000019648.jpg,DeOldify (GAN),DeOldify (GAN),DeOldify (GAN)
000000020048.jpg,DeOldify (GAN),DeOldify (GAN),DeOldify (GAN)
000000021557.jpg,Zhang16 Fine-tuned (Ours),Zhang16 Fine-tuned (Ours),DeOldify (GAN)
000000022445.jpg,DeOldify (GAN),Zhang16 Fine-tuned (Ours),DeOldify (GAN)
000000023533.jpg,DeOldify (GAN),DeOldify (GAN),DeOldify (GAN)
000000024930.jpg,DeOldify (GAN),Zhang16 Fine-tuned (Ours),DeOldify (GAN)
000000025064.jpg,DeOldify (GAN),Zhang16 Fine-tuned (Ours),DeOldify (GAN)
000000025092.jpg,DeOldify (GAN),Zhang16 Fine-tuned (Ours),DeOldify (GAN)
000000025164.jpg,DeOldify (GAN),Zhang16 Fine-tuned (Ours),DeOldify (GAN)
000000025330.jpg,DeOldify (GAN),DeOldify (GAN),DeOldify (GAN)
000000025893.jpg,DeOldify (GAN),Zhang16 Fine-tuned (Ours),DeOldify (GAN)
000000026649.jpg,DeOldify (GAN),DeOldify (GAN),DeOldify (GAN)
000000026770.jpg,DeOldify (GAN),DeOldify (GAN),DeOldify (GAN)
000000027034.jpg,DeOldify (GAN),Zhang16 Fine-tuned (Ours),DeOldify (GAN)
000000028203.jpg,DeOldify (GAN),Zhang16 Fine-tuned (Ours),DeOldify (GAN)
000000028500.jpg,DeOldify (GAN),DeOldify (GAN),DeOldify (GAN)
000000028709.jpg,DeOldify (GAN),Zhang16 Fine-tuned (Ours),DeOldify (GAN)
000000028753.jpg,Zhang16 Fine-tuned (Ours),Zhang16 Fine-tuned (Ours),Zhang16 Fine-tuned (Ours)
000000030101.jpg,DeOldify (GAN),Zhang16 Fine-tuned (Ours),DeOldify (GAN)
000000030584.jpg,Zhang16 Fine-tuned (Ours),Zhang16 Fine-tuned (Ours),DeOldify (GAN)
000000030687.jpg,Zhang16 Fine-tuned (Ours),Zhang16 Fine-tuned (Ours),Zhang16 Fine-tuned (Ours)
000000031724.jpg,DeOldify (GAN),DeOldify (GAN),DeOldify (GAN)
000000032096.jpg,DeOldify (GAN),Zhang16 Fine-tuned (Ours),DeOldify (GAN)
000000032545.jpg,DeOldify (GAN),DeOldify (GAN),DeOldify (GAN)
000000033060.jpg,DeOldify (GAN),DeOldify (GAN),DeOldify (GAN)
000000033986.jpg,DeOldify (GAN),Zhang16 Fine-tuned (Ours),DeOldify (GAN)
000000034844.jpg,Zhang16 Fine-tuned (Ours),Zhang16 Fine-tuned (Ours),DeOldify (GAN)
000000035073.jpg,DeOldify (GAN),DeOldify (GAN),DeOldify (GAN)
000000036076.jpg,Zhang16 Fine-tuned (Ours),Zhang16 Fine-tuned (Ours),DeOldify (GAN)
000000036302.jpg,DeOldify (GAN),Zhang16 Fine-tuned (Ours),DeOldify (GAN)
000000036369.jpg,Zhang16 Fine-tuned (Ours),Zhang16 Fine-tuned (Ours),DeOldify (GAN)
000000036375.jpg,Zhang16 Fine-tuned (Ours),Zhang16 Fine-tuned (Ours),Zhang16 Fine-tuned (Ours)
000000037218.jpg,Zhang16 Fine-tuned (Ours),Zhang16 Fine-tuned (Ours),DeOldify (GAN)
000000037997.jpg,DeOldify (GAN),DeOldify (GAN),DeOldify (GAN)
000000038260.jpg,DeOldify (GAN),DeOldify (GAN),DeOldify (GAN)
000000038600.jpg,Zhang16 Fine-tuned (Ours),Zhang16 Fine-tuned (Ours),Zhang16 Fine-tuned (Ours)
000000038915.jpg,Zhang16 Fine-tuned (Ours),Zhang16 Fine-tuned (Ours),Zhang16 Fine-tuned (Ours)
000000039056.jpg,Zhang16 Pretrained,Zhang16 Pretrained,Zhang16 Pretrained
000000039260.jpg,DeOldify (GAN),DeOldify (GAN),Zhang16 Fine-tuned (Ours)
000000042660.jpg,Zhang16 Pretrained,Zhang16 Fine-tuned (Ours),DeOldify (GAN)
000000043631.jpg,DeOldify (GAN),Zhang16 Fine-tuned (Ours),DeOldify (GAN)
000000044390.jpg,DeOldify (GAN),DeOldify (GAN),DeOldify (GAN)
000000044819.jpg,DeOldify (GAN),DeOldify (GAN),DeOldify (GAN)
000000045457.jpg,Zhang16 Fine-tuned (Ours),Zhang16 Fine-tuned (Ours),Zhang16 Fine-tuned (Ours)
000000046158.jpg,DeOldify (GAN),DeOldify (GAN),DeOldify (GAN)
000000046527.jpg,DeOldify (GAN),DeOldify (GAN),DeOldify (GAN)
000000046601.jpg,DeOldify (GAN),DeOldify (GAN),DeOldify (GAN)
000000046661.jpg,Zhang16 Fine-tuned (Ours),Zhang16 Fine-tuned (Ours),Zhang16 Fine-tuned (Ours)
000000046721.jpg,Zhang16 Fine-tuned (Ours),Zhang16 Fine-tuned (Ours),DeOldify (GAN)
000000048642.jpg,DeOldify (GAN),DeOldify (GAN),DeOldify (GAN)
000000048693.jpg,Zhang16 Fine-tuned (Ours),Zhang16 Fine-tuned (Ours),DeOldify (GAN)
000000049067.jpg,Zhang16 Fine-tuned (Ours),Zhang16 Fine-tuned (Ours),DeOldify (GAN)
000000049246.jpg,Zhang16 Fine-tuned (Ours),Zhang16 Fine-tuned (Ours),DeOldify (GAN)
000000049305.jpg,Zhang16 Fine-tuned (Ours),Zhang16 Fine-tuned (Ours),Zhang16 Fine-tuned (Ours)
000000049410.jpg,DeOldify (GAN),Zhang16 Fine-tuned (Ours),DeOldify (GAN)
000000049919.jpg,Zhang16 Fine-tuned (Ours),Zhang16 Fine-tuned (Ours),DeOldify (GAN)
000000050630.jpg,DeOldify (GAN),DeOldify (GAN),DeOldify (GAN)
000000051867.jpg,DeOldify (GAN),Zhang16 Fine-tuned (Ours),DeOldify (GAN)
000000052483.jpg,Zhang16 Fine-tuned (Ours),Zhang16 Fine-tuned (Ours),Zhang16 Fine-tuned (Ours)
000000052520.jpg,DeOldify (GAN),Zhang16 Fine-tuned (Ours),DeOldify (GAN)
000000052587.jpg,Zhang16 Fine-tuned (Ours),Zhang16 Fine-tuned (Ours),Zhang16 Fine-tuned (Ours)
000000053857.jpg,Zhang16 Fine-tuned (Ours),Zhang16 Fine-tuned (Ours),Zhang16 Fine-tuned (Ours)
000000054070.jpg,Zhang16 Pretrained,Zhang16 Fine-tuned (Ours),DeOldify (GAN)
000000056220.jpg,DeOldify (GAN),DeOldify (GAN),DeOldify (GAN)
000000056757.jpg,DeOldify (GAN),Zhang16 Fine-tuned (Ours),DeOldify (GAN)
000000057079.jpg,DeOldify (GAN),DeOldify (GAN),DeOldify (GAN)
000000057549.jpg,DeOldify (GAN),Zhang16 Fine-tuned (Ours),DeOldify (GAN)
000000058620.jpg,DeOldify (GAN),DeOldify (GAN),DeOldify (GAN)
000000058932.jpg,DeOldify (GAN),Zhang16 Fine-tuned (Ours),DeOldify (GAN)
000000058983.jpg,Zhang16 Fine-tuned (Ours),Zhang16 Fine-tuned (Ours),DeOldify (GAN)
000000059942.jpg,Zhang16 Fine-tuned (Ours),Zhang16 Fine-tuned (Ours),Zhang16 Fine-tuned (Ours)
000000061055.jpg,Zhang16 Fine-tuned (Ours),Zhang16 Fine-tuned (Ours),DeOldify (GAN)
000000061691.jpg,DeOldify (GAN),DeOldify (GAN),DeOldify (GAN)
000000062335.jpg,DeOldify (GAN),Zhang16 Fine-tuned (Ours),DeOldify (GAN)
000000062728.jpg,Zhang16 Fine-tuned (Ours),DeOldify (GAN),DeOldify (GAN)
000000063840.jpg,Zhang16 Fine-tuned (Ours),Zhang16 Fine-tuned (Ours),DeOldify (GAN)
000000065576.jpg,DeOldify (GAN),Zhang16 Fine-tuned (Ours),Zhang16 Fine-tuned (Ours)
000000066102.jpg,DeOldify (GAN),DeOldify (GAN),DeOldify (GAN)
000000066590.jpg,Zhang16 Fine-tuned (Ours),Zhang16 Fine-tuned (Ours),DeOldify (GAN)
000000066724.jpg,DeOldify (GAN),DeOldify (GAN),DeOldify (GAN)
000000067250.jpg,Zhang16 Fine-tuned (Ours),Zhang16 Fine-tuned (Ours),DeOldify (GAN)
000000067343.jpg,DeOldify (GAN),Zhang16 Fine-tuned (Ours),DeOldify (GAN)
000000067579.jpg,Zhang16 Fine-tuned (Ours),Zhang16 Fine-tuned (Ours),DeOldify (GAN)
000000068216.jpg,DeOldify (GAN),DeOldify (GAN),DeOldify (GAN)
000000068371.jpg,DeOldify (GAN),Zhang16 Fine-tuned (Ours),DeOldify (GAN)
000000068806.jpg,DeOldify (GAN),DeOldify (GAN),DeOldify (GAN)
000000068846.jpg,Zhang16 Fine-tuned (Ours),Zhang16 Fine-tuned (Ours),Zhang16 Fine-tuned (Ours)
000000069237.jpg,Zhang16 Fine-tuned (Ours),Zhang16 Fine-tuned (Ours),Zhang16 Fine-tuned (Ours)
000000069430.jpg,Zhang16 Fine-tuned (Ours),Zhang16 Fine-tuned (Ours),DeOldify (GAN)
000000069623.jpg,Zhang16 Fine-tuned (Ours),DeOldify (GAN),DeOldify (GAN)
000000069760.jpg,DeOldify (GAN),Zhang16 Fine-tuned (Ours),DeOldify (GAN)
000000070098.jpg,Zhang16 Fine-tuned (Ours),Zhang16 Fine-tuned (Ours),DeOldify (GAN)
000000070274.jpg,DeOldify (GAN),Zhang16 Fine-tuned (Ours),DeOldify (GAN)
000000070419.jpg,Zhang16 Fine-tuned (Ours),Zhang16 Fine-tuned (Ours),DeOldify (GAN)
000000070625.jpg,DeOldify (GAN),DeOldify (GAN),DeOldify (GAN)
000000072087.jpg,DeOldify (GAN),DeOldify (GAN),DeOldify (GAN)
000000072464.jpg,Zhang16 Fine-tuned (Ours),Zhang16 Fine-tuned (Ours),DeOldify (GAN)
000000072665.jpg,DeOldify (GAN),DeOldify (GAN),DeOldify (GAN)
000000073103.jpg,DeOldify (GAN),DeOldify (GAN),DeOldify (GAN)
000000073817.jpg,DeOldify (GAN),DeOldify (GAN),DeOldify (GAN)
000000073886.jpg,DeOldify (GAN),DeOldify (GAN),DeOldify (GAN)
000000075086.jpg,DeOldify (GAN),Zhang16 Fine-tuned (Ours),DeOldify (GAN)
000000075889.jpg,DeOldify (GAN),Zhang16 Fine-tuned (Ours),DeOldify (GAN)
000000076774.jpg,Zhang16 Fine-tuned (Ours),Zhang16 Fine-tuned (Ours),Zhang16 Fine-tuned (Ours)
000000078408.jpg,DeOldify (GAN),DeOldify (GAN),DeOldify (GAN)
000000078568.jpg,Zhang16 Pretrained,DeOldify (GAN),DeOldify (GAN)
000000078734.jpg,DeOldify (GAN),DeOldify (GAN),DeOldify (GAN)
000000078931.jpg,Zhang16 Fine-tuned (Ours),Zhang16 Fine-tuned (Ours),DeOldify (GAN)
000000079050.jpg,DeOldify (GAN),DeOldify (GAN),DeOldify (GAN)
000000079246.jpg,DeOldify (GAN),Zhang16 Fine-tuned (Ours),DeOldify (GAN)
000000080024.jpg,Zhang16 Fine-tuned (Ours),Zhang16 Fine-tuned (Ours),DeOldify (GAN)
000000080499.jpg,Zhang16 Fine-tuned (Ours),Zhang16 Fine-tuned (Ours),DeOldify (GAN)
000000080607.jpg,Zhang16 Fine-tuned (Ours),Zhang16 Fine-tuned (Ours),DeOldify (GAN)
000000080799.jpg,DeOldify (GAN),DeOldify (GAN),DeOldify (GAN)
000000080986.jpg,DeOldify (GAN),DeOldify (GAN),DeOldify (GAN)
000000081007.jpg,Zhang16 Fine-tuned (Ours),Zhang16 Fine-tuned (Ours),DeOldify (GAN)
000000081986.jpg,DeOldify (GAN),DeOldify (GAN),DeOldify (GAN)
000000081992.jpg,Zhang16 Fine-tuned (Ours),Zhang16 Fine-tuned (Ours),DeOldify (GAN)
000000082265.jpg,Zhang16 Pretrained,Zhang16 Fine-tuned (Ours),DeOldify (GAN)
000000083366.jpg,DeOldify (GAN),Zhang16 Fine-tuned (Ours),DeOldify (GAN)
000000084112.jpg,DeOldify (GAN),Zhang16 Fine-tuned (Ours),DeOldify (GAN)
000000084342.jpg,DeOldify (GAN),Zhang16 Fine-tuned (Ours),DeOldify (GAN)
000000084381.jpg,Zhang16 Fine-tuned (Ours),Zhang16 Fine-tuned (Ours),DeOldify (GAN)
000000086028.jpg,DeOldify (GAN),Zhang16 Fine-tuned (Ours),DeOldify (GAN)
000000086187.jpg,Zhang16 Fine-tuned (Ours),Zhang16 Fine-tuned (Ours),Zhang16 Fine-tuned (Ours)
000000087759.jpg,DeOldify (GAN),Zhang16 Fine-tuned (Ours),DeOldify (GAN)
000000087952.jpg,Zhang16 Fine-tuned (Ours),Zhang16 Fine-tuned (Ours),DeOldify (GAN)
000000088049.jpg,DeOldify (GAN),Zhang16 Fine-tuned (Ours),DeOldify (GAN)
000000088687.jpg,Zhang16 Fine-tuned (Ours),Zhang16 Fine-tuned (Ours),DeOldify (GAN)
000000089237.jpg,DeOldify (GAN),DeOldify (GAN),DeOldify (GAN)
000000089626.jpg,DeOldify (GAN),Zhang16 Fine-tuned (Ours),DeOldify (GAN)
000000090601.jpg,Zhang16 Fine-tuned (Ours),Zhang16 Fine-tuned (Ours),Zhang16 Fine-tuned (Ours)
000000090828.jpg,Zhang16 Fine-tuned (Ours),Zhang16 Fine-tuned (Ours),DeOldify (GAN)
000000090971.jpg,DeOldify (GAN),DeOldify (GAN),DeOldify (GAN)
000000092360.jpg,Zhang16 Fine-tuned (Ours),Zhang16 Fine-tuned (Ours),Zhang16 Fine-tuned (Ours)
000000092434.jpg,Zhang16 Fine-tuned (Ours),Zhang16 Fine-tuned (Ours),DeOldify (GAN)
000000092908.jpg,Zhang16 Fine-tuned (Ours),Zhang16 Fine-tuned (Ours),Zhang16 Fine-tuned (Ours)
000000093076.jpg,DeOldify (GAN),DeOldify (GAN),DeOldify (GAN)
000000095259.jpg,DeOldify (GAN),DeOldify (GAN),DeOldify (GAN)
000000096098.jpg,DeOldify (GAN),Zhang16 Fine-tuned (Ours),DeOldify (GAN)
000000096518.jpg,DeOldify (GAN),DeOldify (GAN),DeOldify (GAN)
000000096584.jpg,Zhang16 Fine-tuned (Ours),Zhang16 Fine-tuned (Ours),DeOldify (GAN)
000000096605.jpg,DeOldify (GAN),DeOldify (GAN),DeOldify (GAN)
000000096846.jpg,DeOldify (GAN),DeOldify (GAN),DeOldify (GAN)
000000098657.jpg,Zhang16 Fine-tuned (Ours),Zhang16 Fine-tuned (Ours),DeOldify (GAN)
000000098712.jpg,DeOldify (GAN),DeOldify (GAN),DeOldify (GAN)
000000098861.jpg,DeOldify (GAN),Zhang16 Fine-tuned (Ours),DeOldify (GAN)
000000099420.jpg,Zhang 2017 (Interactive CNN),Zhang16 Fine-tuned (Ours),Zhang 2017 (Interactive CNN)
000000099764.jpg,Zhang16 Fine-tuned (Ours),Zhang16 Fine-tuned (Ours),DeOldify (GAN)
000000099889.jpg,DeOldify (GAN),DeOldify (GAN),DeOldify (GAN)
000000101119.jpg,DeOldify (GAN),Zhang16 Fine-tuned (Ours),DeOldify (GAN)
000000102399.jpg,Zhang16 Fine-tuned (Ours),Zhang16 Fine-tuned (Ours),DeOldify (GAN)
000000102767.jpg,DeOldify (GAN),DeOldify (GAN),DeOldify (GAN)
000000103350.jpg,Zhang16 Fine-tuned (Ours),Zhang16 Fine-tuned (Ours),Zhang16 Fine-tuned (Ours)
000000103391.jpg,DeOldify (GAN),Zhang16 Fine-tuned (Ours),DeOldify (GAN)
000000103451.jpg,DeOldify (GAN),DeOldify (GAN),DeOldify (GAN)
000000103721.jpg,DeOldify (GAN),DeOldify (GAN),DeOldify (GAN)
000000103777.jpg,DeOldify (GAN),DeOldify (GAN),DeOldify (GAN)
000000105054.jpg,DeOldify (GAN),DeOldify (GAN),DeOldify (GAN)
000000105130.jpg,Zhang16 Fine-tuned (Ours),DeOldify (GAN),Zhang16 Fine-tuned (Ours)
000000105400.jpg,DeOldify (GAN),Zhang16 Fine-tuned (Ours),DeOldify (GAN)
000000105654.jpg,DeOldify (GAN),DeOldify (GAN),DeOldify (GAN)
000000105965.jpg,DeOldify (GAN),DeOldify (GAN),DeOldify (GAN)
000000107224.jpg,Zhang16 Fine-tuned (Ours),Zhang16 Fine-tuned (Ours),DeOldify (GAN)
000000107600.jpg,DeOldify (GAN),DeOldify (GAN),DeOldify (GAN)
000000107717.jpg,Zhang16 Fine-tuned (Ours),Zhang16 Fine-tuned (Ours),DeOldify (GAN)
000000107916.jpg,Zhang16 Fine-tuned (Ours),DeOldify (GAN),DeOldify (GAN)
000000108001.jpg,DeOldify (GAN),DeOldify (GAN),DeOldify (GAN)
000000108469.jpg,Zhang16 Fine-tuned (Ours),Zhang16 Fine-tuned (Ours),DeOldify (GAN)
000000111540.jpg,DeOldify (GAN),DeOldify (GAN),DeOldify (GAN)
000000111816.jpg,DeOldify (GAN),DeOldify (GAN),DeOldify (GAN)
000000111847.jpg,DeOldify (GAN),DeOldify (GAN),DeOldify (GAN)
000000111915.jpg,Zhang16 Fine-tuned (Ours),Zhang16 Fine-tuned (Ours),DeOldify (GAN)
000000112067.jpg,Zhang16 Fine-tuned (Ours),Zhang16 Fine-tuned (Ours),DeOldify (GAN)
000000113538.jpg,DeOldify (GAN),Zhang16 Fine-tuned (Ours),DeOldify (GAN)
000000114991.jpg,Zhang16 Fine-tuned (Ours),Zhang16 Fine-tuned (Ours),Zhang16 Fine-tuned (Ours)
000000115628.jpg,DeOldify (GAN),DeOldify (GAN),DeOldify (GAN)
000000116400.jpg,DeOldify (GAN),DeOldify (GAN),DeOldify (GAN)
000000116547.jpg,Zhang16 Pretrained,Zhang16 Fine-tuned (Ours),DeOldify (GAN)
000000116704.jpg,Zhang 2017 (Interactive CNN),Zhang16 Fine-tuned (Ours),DeOldify (GAN)
000000116795.jpg,Zhang16 Fine-tuned (Ours),Zhang16 Fine-tuned (Ours),DeOldify (GAN)
000000117516.jpg,Zhang16 Fine-tuned (Ours),Zhang16 Fine-tuned (Ours),DeOldify (GAN)
000000118491.jpg,Zhang16 Pretrained,Zhang16 Fine-tuned (Ours),Zhang16 Fine-tuned (Ours)
000000119193.jpg,DeOldify (GAN),DeOldify (GAN),DeOldify (GAN)
000000121257.jpg,Zhang16 Fine-tuned (Ours),Zhang16 Fine-tuned (Ours),DeOldify (GAN)
000000123364.jpg,DeOldify (GAN),Zhang16 Fine-tuned (Ours),DeOldify (GAN)
000000125203.jpg,DeOldify (GAN),Zhang16 Fine-tuned (Ours),DeOldify (GAN)
000000125465.jpg,Zhang16 Fine-tuned (Ours),Zhang16 Fine-tuned (Ours),DeOldify (GAN)
000000125604.jpg,Zhang16 Fine-tuned (Ours),Zhang16 Fine-tuned (Ours),Zhang16 Fine-tuned (Ours)
000000127771.jpg,DeOldify (GAN),Zhang16 Fine-tuned (Ours),DeOldify (GAN)
000000129360.jpg,DeOldify (GAN),DeOldify (GAN),DeOldify (GAN)
000000129714.jpg,DeOldify (GAN),Zhang16 Fine-tuned (Ours),DeOldify (GAN)
000000130669.jpg,DeOldify (GAN),Zhang16 Fine-tuned (Ours),DeOldify (GAN)
000000132364.jpg,Zhang16 Fine-tuned (Ours),Zhang16 Fine-tuned (Ours),Zhang16 Fine-tuned (Ours)
000000132545.jpg,Zhang16 Fine-tuned (Ours),Zhang16 Fine-tuned (Ours),DeOldify (GAN)
000000133947.jpg,Zhang16 Pretrained,Zhang16 Pretrained,DeOldify (GAN)
000000134275.jpg,Zhang16 Fine-tuned (Ours),Zhang16 Fine-tuned (Ours),Zhang16 Pretrained
000000134696.jpg,DeOldify (GAN),Zhang16 Fine-tuned (Ours),Zhang16 Fine-tuned (Ours)
000000135597.jpg,Zhang16 Fine-tuned (Ours),Zhang16 Fine-tuned (Ours),DeOldify (GAN)
000000135629.jpg,DeOldify (GAN),DeOldify (GAN),DeOldify (GAN)
000000136090.jpg,DeOldify (GAN),DeOldify (GAN),DeOldify (GAN)
000000136545.jpg,Zhang 2017 (Interactive CNN),Zhang16 Fine-tuned (Ours),DeOldify (GAN)
000000136759.jpg,Zhang16 Fine-tuned (Ours),Zhang16 Fine-tuned (Ours),DeOldify (GAN)
000000137086.jpg,DeOldify (GAN),DeOldify (GAN),DeOldify (GAN)
000000137565.jpg,DeOldify (GAN),Zhang16 Fine-tuned (Ours),DeOldify (GAN)
000000137840.jpg,DeOldify (GAN),Zhang16 Fine-tuned (Ours),DeOldify (GAN)
000000138012.jpg,DeOldify (GAN),Zhang16 Fine-tuned (Ours),DeOldify (GAN)
000000138178.jpg,Zhang16 Fine-tuned (Ours),Zhang16 Fine-tuned (Ours),DeOldify (GAN)
000000139084.jpg,DeOldify (GAN),Zhang16 Fine-tuned (Ours),DeOldify (GAN)
000000139498.jpg,Zhang16 Fine-tuned (Ours),Zhang16 Fine-tuned (Ours),Zhang16 Fine-tuned (Ours)
000000139713.jpg,Zhang16 Fine-tuned (Ours),Zhang16 Fine-tuned (Ours),Zhang16 Fine-tuned (Ours)
000000140023.jpg,DeOldify (GAN),Zhang16 Fine-tuned (Ours),DeOldify (GAN)
000000140357.jpg,Zhang16 Fine-tuned (Ours),DeOldify (GAN),DeOldify (GAN)
000000140894.jpg,DeOldify (GAN),DeOldify (GAN),DeOldify (GAN)
000000141550.jpg,DeOldify (GAN),DeOldify (GAN),DeOldify (GAN)
000000141551.jpg,DeOldify (GAN),DeOldify (GAN),DeOldify (GAN)
000000142594.jpg,Zhang16 Fine-tuned (Ours),DeOldify (GAN),DeOldify (GAN)
000000143278.jpg,DeOldify (GAN),DeOldify (GAN),DeOldify (GAN)
000000144387.jpg,Zhang16 Fine-tuned (Ours),Zhang16 Fine-tuned (Ours),DeOldify (GAN)
000000144636.jpg,DeOldify (GAN),DeOldify (GAN),DeOldify (GAN)
000000144751.jpg,DeOldify (GAN),DeOldify (GAN),DeOldify (GAN)
000000144943.jpg,DeOldify (GAN),Zhang16 Fine-tuned (Ours),DeOldify (GAN)
000000146180.jpg,DeOldify (GAN),DeOldify (GAN),DeOldify (GAN)
000000146265.jpg,DeOldify (GAN),DeOldify (GAN),DeOldify (GAN)
000000146298.jpg,Zhang16 Fine-tuned (Ours),Zhang16 Fine-tuned (Ours),Zhang 2017 (Interactive CNN)
000000146906.jpg,DeOldify (GAN),Zhang16 Fine-tuned (Ours),DeOldify (GAN)
000000147005.jpg,Zhang16 Fine-tuned (Ours),Zhang16 Fine-tuned (Ours),DeOldify (GAN)
000000147191.jpg,Zhang16 Fine-tuned (Ours),Zhang16 Fine-tuned (Ours),DeOldify (GAN)
000000147321.jpg,DeOldify (GAN),DeOldify (GAN),DeOldify (GAN)
000000147456.jpg,DeOldify (GAN),Zhang16 Fine-tuned (Ours),DeOldify (GAN)
000000148220.jpg,DeOldify (GAN),Zhang16 Fine-tuned (Ours),DeOldify (GAN)
000000148367.jpg,Zhang16 Fine-tuned (Ours),Zhang16 Fine-tuned (Ours),Zhang16 Fine-tuned (Ours)
000000148388.jpg,DeOldify (GAN),Zhang16 Fine-tuned (Ours),DeOldify (GAN)
000000148535.jpg,Zhang16 Fine-tuned (Ours),Zhang16 Fine-tuned (Ours),DeOldify (GAN)
000000148681.jpg,DeOldify (GAN),DeOldify (GAN),DeOldify (GAN)
000000149491.jpg,Zhang16 Fine-tuned (Ours),Zhang16 Fine-tuned (Ours),Zhang16 Fine-tuned (Ours)
000000149848.jpg,Zhang16 Fine-tuned (Ours),Zhang16 Fine-tuned (Ours),Zhang16 Fine-tuned (Ours)
000000150167.jpg,DeOldify (GAN),Zhang16 Fine-tuned (Ours),DeOldify (GAN)
000000150389.jpg,DeOldify (GAN),DeOldify (GAN),DeOldify (GAN)
000000150856.jpg,Zhang16 Pretrained,Zhang16 Fine-tuned (Ours),DeOldify (GAN)
000000151504.jpg,Zhang16 Fine-tuned (Ours),Zhang16 Fine-tuned (Ours),DeOldify (GAN)
000000152445.jpg,DeOldify (GAN),DeOldify (GAN),DeOldify (GAN)
000000154115.jpg,DeOldify (GAN),DeOldify (GAN),DeOldify (GAN)
000000154655.jpg,DeOldify (GAN),Zhang16 Fine-tuned (Ours),DeOldify (GAN)
000000155600.jpg,DeOldify (GAN),DeOldify (GAN),DeOldify (GAN)
000000155619.jpg,DeOldify (GAN),Zhang16 Fine-tuned (Ours),DeOldify (GAN)
000000155837.jpg,Zhang16 Fine-tuned (Ours),Zhang16 Fine-tuned (Ours),DeOldify (GAN)
000000156742.jpg,DeOldify (GAN),Zhang16 Fine-tuned (Ours),DeOldify (GAN)
000000156965.jpg,DeOldify (GAN),Zhang16 Fine-tuned (Ours),DeOldify (GAN)
000000157443.jpg,Zhang16 Fine-tuned (Ours),Zhang16 Fine-tuned (Ours),DeOldify (GAN)
000000157464.jpg,Zhang16 Fine-tuned (Ours),Zhang16 Fine-tuned (Ours),DeOldify (GAN)
000000158131.jpg,DeOldify (GAN),DeOldify (GAN),DeOldify (GAN)
000000158410.jpg,DeOldify (GAN),Zhang16 Fine-tuned (Ours),DeOldify (GAN)
000000159913.jpg,Zhang16 Fine-tuned (Ours),DeOldify (GAN),DeOldify (GAN)
000000160561.jpg,DeOldify (GAN),DeOldify (GAN),DeOldify (GAN)
000000160951.jpg,DeOldify (GAN),DeOldify (GAN),DeOldify (GAN)
000000161012.jpg,DeOldify (GAN),DeOldify (GAN),DeOldify (GAN)
000000161484.jpg,DeOldify (GAN),Zhang16 Fine-tuned (Ours),DeOldify (GAN)
000000162219.jpg,DeOldify (GAN),Zhang16 Fine-tuned (Ours),DeOldify (GAN)
000000162513.jpg,DeOldify (GAN),Zhang16 Fine-tuned (Ours),DeOldify (GAN)
000000163735.jpg,DeOldify (GAN),Zhang16 Fine-tuned (Ours),DeOldify (GAN)
000000164589.jpg,DeOldify (GAN),DeOldify (GAN),DeOldify (GAN)
000000164896.jpg,Zhang16 Fine-tuned (Ours),DeOldify (GAN),DeOldify (GAN)
000000165846.jpg,Zhang16 Fine-tuned (Ours),Zhang16 Fine-tuned (Ours),DeOldify (GAN)
000000167158.jpg,Zhang16 Fine-tuned (Ours),Zhang16 Fine-tuned (Ours),Zhang16 Fine-tuned (Ours)
000000167258.jpg,Zhang16 Fine-tuned (Ours),Zhang16 Fine-tuned (Ours),DeOldify (GAN)
000000167924.jpg,DeOldify (GAN),DeOldify (GAN),DeOldify (GAN)
000000168177.jpg,DeOldify (GAN),Zhang16 Fine-tuned (Ours),DeOldify (GAN)
000000168280.jpg,DeOldify (GAN),DeOldify (GAN),DeOldify (GAN)
000000168641.jpg,DeOldify (GAN),DeOldify (GAN),DeOldify (GAN)
000000168986.jpg,Zhang16 Fine-tuned (Ours),Zhang16 Fine-tuned (Ours),Zhang16 Fine-tuned (Ours)
000000169551.jpg,Zhang16 Fine-tuned (Ours),Zhang16 Fine-tuned (Ours),DeOldify (GAN)
000000169707.jpg,DeOldify (GAN),Zhang16 Fine-tuned (Ours),Zhang16 Fine-tuned (Ours)
000000170397.jpg,Zhang16 Fine-tuned (Ours),Zhang16 Fine-tuned (Ours),DeOldify (GAN)
000000170598.jpg,Zhang16 Fine-tuned (Ours),Zhang16 Fine-tuned (Ours),DeOldify (GAN)
000000170894.jpg,Zhang16 Fine-tuned (Ours),Zhang16 Fine-tuned (Ours),DeOldify (GAN)
000000171213.jpg,DeOldify (GAN),Zhang16 Fine-tuned (Ours),DeOldify (GAN)
000000172290.jpg,Zhang16 Pretrained,Zhang16 Fine-tuned (Ours),Zhang16 Fine-tuned (Ours)
000000172576.jpg,DeOldify (GAN),Zhang16 Fine-tuned (Ours),DeOldify (GAN)
000000172972.jpg,DeOldify (GAN),DeOldify (GAN),DeOldify (GAN)
000000174650.jpg,Zhang16 Fine-tuned (Ours),Zhang16 Fine-tuned (Ours),Zhang16 Fine-tuned (Ours)
000000175062.jpg,DeOldify (GAN),DeOldify (GAN),DeOldify (GAN)
000000175888.jpg,Zhang16 Fine-tuned (Ours),Zhang16 Fine-tuned (Ours),Zhang16 Fine-tuned (Ours)
000000175895.jpg,DeOldify (GAN),DeOldify (GAN),DeOldify (GAN)
000000176703.jpg,Zhang16 Fine-tuned (Ours),Zhang16 Fine-tuned (Ours),DeOldify (GAN)
000000178730.jpg,DeOldify (GAN),Zhang16 Fine-tuned (Ours),DeOldify (GAN)
000000179023.jpg,Zhang16 Fine-tuned (Ours),Zhang16 Fine-tuned (Ours),Zhang16 Fine-tuned (Ours)
000000179262.jpg,Zhang16 Fine-tuned (Ours),Zhang16 Fine-tuned (Ours),Zhang16 Fine-tuned (Ours)
000000179872.jpg,Zhang16 Fine-tuned (Ours),Zhang16 Fine-tuned (Ours),DeOldify (GAN)
000000180500.jpg,DeOldify (GAN),Zhang16 Fine-tuned (Ours),DeOldify (GAN)
000000180598.jpg,DeOldify (GAN),Zhang16 Fine-tuned (Ours),DeOldify (GAN)
000000180707.jpg,Zhang16 Fine-tuned (Ours),Zhang16 Fine-tuned (Ours),DeOldify (GAN)
000000180901.jpg,DeOldify (GAN),DeOldify (GAN),DeOldify (GAN)
000000181130.jpg,DeOldify (GAN),Zhang16 Fine-tuned (Ours),DeOldify (GAN)
000000182004.jpg,Zhang16 Fine-tuned (Ours),Zhang16 Fine-tuned (Ours),DeOldify (GAN)
000000182982.jpg,DeOldify (GAN),Zhang16 Fine-tuned (Ours),DeOldify (GAN)
000000183609.jpg,DeOldify (GAN),DeOldify (GAN),DeOldify (GAN)
000000183951.jpg,DeOldify (GAN),Zhang16 Fine-tuned (Ours),DeOldify (GAN)
000000184380.jpg,Zhang16 Fine-tuned (Ours),Zhang16 Fine-tuned (Ours),DeOldify (GAN)
000000185728.jpg,DeOldify (GAN),DeOldify (GAN),DeOldify (GAN)
000000186085.jpg,DeOldify (GAN),Zhang16 Fine-tuned (Ours),DeOldify (GAN)
000000186203.jpg,DeOldify (GAN),Zhang16 Fine-tuned (Ours),DeOldify (GAN)
000000187712.jpg,Zhang16 Fine-tuned (Ours),Zhang16 Fine-tuned (Ours),DeOldify (GAN)
000000188856.jpg,DeOldify (GAN),Zhang16 Fine-tuned (Ours),DeOldify (GAN)
000000188984.jpg,DeOldify (GAN),Zhang16 Fine-tuned (Ours),DeOldify (GAN)
000000189779.jpg,DeOldify (GAN),Zhang16 Fine-tuned (Ours),DeOldify (GAN)
000000189823.jpg,DeOldify (GAN),Zhang16 Fine-tuned (Ours),DeOldify (GAN)
000000189871.jpg,Zhang16 Fine-tuned (Ours),Zhang16 Fine-tuned (Ours),DeOldify (GAN)
000000189928.jpg,DeOldify (GAN),DeOldify (GAN),DeOldify (GAN)
000000190129.jpg,DeOldify (GAN),DeOldify (GAN),DeOldify (GAN)
000000190269.jpg,Zhang16 Fine-tuned (Ours),Zhang16 Fine-tuned (Ours),DeOldify (GAN)
000000190976.jpg,DeOldify (GAN),DeOldify (GAN),DeOldify (GAN)
000000192506.jpg,DeOldify (GAN),DeOldify (GAN),DeOldify (GAN)
000000193581.jpg,DeOldify (GAN),DeOldify (GAN),DeOldify (GAN)
000000194821.jpg,DeOldify (GAN),Zhang16 Fine-tuned (Ours),DeOldify (GAN)
000000195236.jpg,DeOldify (GAN),DeOldify (GAN),DeOldify (GAN)
000000195407.jpg,DeOldify (GAN),DeOldify (GAN),DeOldify (GAN)
000000196392.jpg,Zhang16 Fine-tuned (Ours),Zhang16 Fine-tuned (Ours),DeOldify (GAN)
000000196412.jpg,Zhang16 Fine-tuned (Ours),Zhang16 Fine-tuned (Ours),DeOldify (GAN)
000000197468.jpg,Zhang 2017 (Interactive CNN),DeOldify (GAN),DeOldify (GAN)
000000198231.jpg,Zhang16 Fine-tuned (Ours),Zhang16 Fine-tuned (Ours),Zhang16 Fine-tuned (Ours)
000000198380.jpg,DeOldify (GAN),DeOldify (GAN),DeOldify (GAN)
000000198554.jpg,Zhang16 Fine-tuned (Ours),Zhang16 Fine-tuned (Ours),DeOldify (GAN)
000000198954.jpg,Zhang16 Fine-tuned (Ours),Zhang16 Fine-tuned (Ours),Zhang16 Fine-tuned (Ours)
000000199414.jpg,Zhang16 Fine-tuned (Ours),Zhang16 Fine-tuned (Ours),Zhang16 Fine-tuned (Ours)
000000199684.jpg,Zhang16 Fine-tuned (Ours),Zhang16 Fine-tuned (Ours),DeOldify (GAN)
000000199998.jpg,Zhang16 Fine-tuned (Ours),Zhang16 Fine-tuned (Ours),Zhang16 Fine-tuned (Ours)
000000201315.jpg,DeOldify (GAN),Zhang16 Fine-tuned (Ours),DeOldify (GAN)
000000201522.jpg,Zhang16 Fine-tuned (Ours),Zhang16 Fine-tuned (Ours),DeOldify (GAN)
000000201619.jpg,DeOldify (GAN),DeOldify (GAN),DeOldify (GAN)
000000205326.jpg,Zhang16 Fine-tuned (Ours),Zhang16 Fine-tuned (Ours),DeOldify (GAN)
000000205910.jpg,Zhang16 Fine-tuned (Ours),Zhang16 Fine-tuned (Ours),DeOldify (GAN)
000000206010.jpg,Zhang16 Fine-tuned (Ours),Zhang16 Fine-tuned (Ours),Zhang16 Fine-tuned (Ours)
000000206287.jpg,DeOldify (GAN),DeOldify (GAN),DeOldify (GAN)
000000206507.jpg,Zhang16 Fine-tuned (Ours),Zhang16 Fine-tuned (Ours),DeOldify (GAN)
000000206608.jpg,Zhang16 Fine-tuned (Ours),Zhang16 Fine-tuned (Ours),DeOldify (GAN)
000000206970.jpg,DeOldify (GAN),DeOldify (GAN),DeOldify (GAN)
000000210349.jpg,Zhang16 Fine-tuned (Ours),Zhang16 Fine-tuned (Ours),DeOldify (GAN)
000000210911.jpg,DeOldify (GAN),Zhang16 Fine-tuned (Ours),DeOldify (GAN)
000000211459.jpg,Zhang16 Fine-tuned (Ours),Zhang16 Fine-tuned (Ours),DeOldify (GAN)
000000213425.jpg,Zhang16 Fine-tuned (Ours),Zhang16 Fine-tuned (Ours),Zhang16 Fine-tuned (Ours)
000000213467.jpg,DeOldify (GAN),Zhang16 Fine-tuned (Ours),DeOldify (GAN)
000000213900.jpg,Zhang16 Fine-tuned (Ours),Zhang16 Fine-tuned (Ours),DeOldify (GAN)
000000213994.jpg,Zhang16 Fine-tuned (Ours),Zhang16 Fine-tuned (Ours),DeOldify (GAN)
000000214019.jpg,Zhang16 Fine-tuned (Ours),Zhang16 Fine-tuned (Ours),Zhang16 Fine-tuned (Ours)
000000214410.jpg,DeOldify (GAN),Zhang16 Fine-tuned (Ours),DeOldify (GAN)
000000215008.jpg,DeOldify (GAN),DeOldify (GAN),DeOldify (GAN)
000000215059.jpg,Zhang16 Fine-tuned (Ours),Zhang16 Fine-tuned (Ours),Zhang16 Fine-tuned (Ours)
000000215294.jpg,DeOldify (GAN),DeOldify (GAN),DeOldify (GAN)
000000215822.jpg,Zhang16 Fine-tuned (Ours),Zhang16 Fine-tuned (Ours),DeOldify (GAN)
000000216139.jpg,Zhang16 Fine-tuned (Ours),Zhang16 Fine-tuned (Ours),DeOldify (GAN)
000000216318.jpg,DeOldify (GAN),DeOldify (GAN),DeOldify (GAN)
000000216423.jpg,DeOldify (GAN),DeOldify (GAN),DeOldify (GAN)
000000216533.jpg,DeOldify (GAN),DeOldify (GAN),DeOldify (GAN)
000000216821.jpg,DeOldify (GAN),Zhang16 Fine-tuned (Ours),DeOldify (GAN)
000000216836.jpg,DeOldify (GAN),DeOldify (GAN),DeOldify (GAN)
000000217999.jpg,DeOldify (GAN),DeOldify (GAN),DeOldify (GAN)
000000218753.jpg,DeOldify (GAN),DeOldify (GAN),DeOldify (GAN)
000000219054.jpg,Zhang16 Fine-tuned (Ours),Zhang16 Fine-tuned (Ours),Zhang16 Fine-tuned (Ours)
000000220985.jpg,DeOldify (GAN),Zhang16 Fine-tuned (Ours),DeOldify (GAN)
000000221783.jpg,DeOldify (GAN),Zhang16 Fine-tuned (Ours),DeOldify (GAN)
000000222124.jpg,DeOldify (GAN),DeOldify (GAN),DeOldify (GAN)
000000224084.jpg,Zhang16 Fine-tuned (Ours),Zhang16 Fine-tuned (Ours),DeOldify (GAN)
000000224261.jpg,DeOldify (GAN),DeOldify (GAN),DeOldify (GAN)
000000224338.jpg,Zhang16 Fine-tuned (Ours),Zhang16 Fine-tuned (Ours),DeOldify (GAN)
000000224360.jpg,Zhang16 Fine-tuned (Ours),Zhang16 Fine-tuned (Ours),Zhang16 Fine-tuned (Ours)
000000225114.jpg,DeOldify (GAN),Zhang16 Fine-tuned (Ours),DeOldify (GAN)
000000228116.jpg,Zhang16 Fine-tuned (Ours),Zhang16 Fine-tuned (Ours),DeOldify (GAN)
000000231699.jpg,DeOldify (GAN),DeOldify (GAN),DeOldify (GAN)
000000232798.jpg,Zhang16 Fine-tuned (Ours),Zhang16 Fine-tuned (Ours),DeOldify (GAN)
000000233333.jpg,DeOldify (GAN),Zhang16 Fine-tuned (Ours),DeOldify (GAN)
000000233659.jpg,Zhang16 Fine-tuned (Ours),Zhang16 Fine-tuned (Ours),Zhang16 Fine-tuned (Ours)
000000233695.jpg,Zhang16 Fine-tuned (Ours),Zhang16 Fine-tuned (Ours),Zhang16 Fine-tuned (Ours)
000000233725.jpg,Zhang16 Fine-tuned (Ours),Zhang16 Fine-tuned (Ours),DeOldify (GAN)
000000234411.jpg,Zhang16 Fine-tuned (Ours),Zhang16 Fine-tuned (Ours),DeOldify (GAN)
000000234909.jpg,DeOldify (GAN),DeOldify (GAN),DeOldify (GAN)
000000235859.jpg,DeOldify (GAN),DeOldify (GAN),DeOldify (GAN)
000000236112.jpg,DeOldify (GAN),DeOldify (GAN),DeOldify (GAN)
000000236286.jpg,DeOldify (GAN),Zhang16 Fine-tuned (Ours),DeOldify (GAN)
000000236707.jpg,DeOldify (GAN),DeOldify (GAN),DeOldify (GAN)
000000236900.jpg,Zhang16 Fine-tuned (Ours),Zhang16 Fine-tuned (Ours),DeOldify (GAN)
000000238754.jpg,Zhang16 Fine-tuned (Ours),Zhang16 Fine-tuned (Ours),DeOldify (GAN)
000000240050.jpg,Zhang16 Fine-tuned (Ours),Zhang16 Fine-tuned (Ours),Zhang16 Fine-tuned (Ours)
000000240366.jpg,DeOldify (GAN),Zhang16 Fine-tuned (Ours),DeOldify (GAN)
000000240724.jpg,DeOldify (GAN),Zhang16 Fine-tuned (Ours),DeOldify (GAN)
000000241686.jpg,DeOldify (GAN),DeOldify (GAN),DeOldify (GAN)
000000241788.jpg,DeOldify (GAN),DeOldify (GAN),DeOldify (GAN)
000000242023.jpg,DeOldify (GAN),DeOldify (GAN),DeOldify (GAN)
000000243546.jpg,DeOldify (GAN),DeOldify (GAN),DeOldify (GAN)
000000243943.jpg,DeOldify (GAN),DeOldify (GAN),DeOldify (GAN)
000000244029.jpg,Zhang16 Fine-tuned (Ours),Zhang16 Fine-tuned (Ours),Zhang16 Fine-tuned (Ours)
000000244192.jpg,Zhang16 Fine-tuned (Ours),Zhang16 Fine-tuned (Ours),DeOldify (GAN)
000000244773.jpg,Zhang16 Fine-tuned (Ours),Zhang16 Fine-tuned (Ours),DeOldify (GAN)
000000245636.jpg,DeOldify (GAN),Zhang16 Fine-tuned (Ours),DeOldify (GAN)
000000249468.jpg,Zhang 2017 (Interactive CNN),DeOldify (GAN),DeOldify (GAN)
000000250098.jpg,DeOldify (GAN),Zhang16 Fine-tuned (Ours),DeOldify (GAN)
000000251020.jpg,DeOldify (GAN),DeOldify (GAN),DeOldify (GAN)
000000251099.jpg,Zhang16 Fine-tuned (Ours),Zhang16 Fine-tuned (Ours),DeOldify (GAN)
000000251176.jpg,Zhang16 Fine-tuned (Ours),Zhang16 Fine-tuned (Ours),Zhang16 Fine-tuned (Ours)
000000251649.jpg,DeOldify (GAN),DeOldify (GAN),DeOldify (GAN)
000000252657.jpg,DeOldify (GAN),Zhang16 Fine-tuned (Ours),DeOldify (GAN)
000000253623.jpg,Zhang16 Fine-tuned (Ours),Zhang16 Fine-tuned (Ours),Zhang16 Fine-tuned (Ours)
000000253720.jpg,Zhang16 Fine-tuned (Ours),DeOldify (GAN),DeOldify (GAN)
000000254776.jpg,DeOldify (GAN),DeOldify (GAN),DeOldify (GAN)
000000255025.jpg,DeOldify (GAN),DeOldify (GAN),DeOldify (GAN)
000000256185.jpg,DeOldify (GAN),Zhang16 Fine-tuned (Ours),DeOldify (GAN)
000000256694.jpg,Zhang16 Fine-tuned (Ours),Zhang16 Fine-tuned (Ours),DeOldify (GAN)
000000256729.jpg,DeOldify (GAN),DeOldify (GAN),DeOldify (GAN)
000000257222.jpg,DeOldify (GAN),DeOldify (GAN),DeOldify (GAN)
000000258172.jpg,DeOldify (GAN),Zhang16 Fine-tuned (Ours),DeOldify (GAN)
000000259564.jpg,DeOldify (GAN),Zhang16 Fine-tuned (Ours),DeOldify (GAN)
000000259818.jpg,Zhang16 Fine-tuned (Ours),Zhang16 Fine-tuned (Ours),DeOldify (GAN)
000000259950.jpg,Zhang16 Fine-tuned (Ours),Zhang16 Fine-tuned (Ours),DeOldify (GAN)
000000260574.jpg,Zhang16 Fine-tuned (Ours),Zhang16 Fine-tuned (Ours),Zhang16 Fine-tuned (Ours)
000000260734.jpg,Zhang16 Fine-tuned (Ours),Zhang16 Fine-tuned (Ours),DeOldify (GAN)
000000260985.jpg,DeOldify (GAN),DeOldify (GAN),DeOldify (GAN)
000000262062.jpg,DeOldify (GAN),DeOldify (GAN),DeOldify (GAN)
000000262380.jpg,DeOldify (GAN),DeOldify (GAN),DeOldify (GAN)
000000262593.jpg,DeOldify (GAN),Zhang16 Fine-tuned (Ours),DeOldify (GAN)
000000263139.jpg,DeOldify (GAN),DeOldify (GAN),DeOldify (GAN)
000000263368.jpg,Zhang16 Fine-tuned (Ours),Zhang16 Fine-tuned (Ours),Zhang16 Fine-tuned (Ours)
000000264107.jpg,DeOldify (GAN),Zhang16 Fine-tuned (Ours),DeOldify (GAN)
000000264453.jpg,DeOldify (GAN),Zhang16 Fine-tuned (Ours),DeOldify (GAN)
000000265205.jpg,DeOldify (GAN),Zhang16 Fine-tuned (Ours),DeOldify (GAN)
000000265413.jpg,DeOldify (GAN),Zhang16 Fine-tuned (Ours),DeOldify (GAN)
000000265496.jpg,DeOldify (GAN),DeOldify (GAN),DeOldify (GAN)
000000266085.jpg,DeOldify (GAN),DeOldify (GAN),DeOldify (GAN)
000000266457.jpg,DeOldify (GAN),DeOldify (GAN),DeOldify (GAN)
000000266731.jpg,Zhang16 Pretrained,Zhang16 Fine-tuned (Ours),DeOldify (GAN)
000000267368.jpg,Zhang16 Fine-tuned (Ours),Zhang16 Fine-tuned (Ours),Zhang16 Fine-tuned (Ours)
000000268104.jpg,Zhang16 Fine-tuned (Ours),Zhang16 Fine-tuned (Ours),DeOldify (GAN)
000000268401.jpg,DeOldify (GAN),Zhang16 Fine-tuned (Ours),DeOldify (GAN)
000000269118.jpg,Zhang16 Fine-tuned (Ours),Zhang16 Fine-tuned (Ours),DeOldify (GAN)
000000269509.jpg,DeOldify (GAN),Zhang16 Fine-tuned (Ours),DeOldify (GAN)
000000269765.jpg,DeOldify (GAN),DeOldify (GAN),DeOldify (GAN)
000000269809.jpg,DeOldify (GAN),DeOldify (GAN),DeOldify (GAN)
000000270349.jpg,Zhang16 Fine-tuned (Ours),Zhang16 Fine-tuned (Ours),Zhang16 Fine-tuned (Ours)
000000270858.jpg,DeOldify (GAN),DeOldify (GAN),DeOldify (GAN)
000000271074.jpg,DeOldify (GAN),DeOldify (GAN),DeOldify (GAN)
000000271129.jpg,DeOldify (GAN),DeOldify (GAN),DeOldify (GAN)
000000271589.jpg,Zhang16 Fine-tuned (Ours),Zhang16 Fine-tuned (Ours),DeOldify (GAN)
000000272107.jpg,DeOldify (GAN),DeOldify (GAN),DeOldify (GAN)
000000272135.jpg,DeOldify (GAN),Zhang16 Fine-tuned (Ours),DeOldify (GAN)
000000272313.jpg,Zhang16 Fine-tuned (Ours),DeOldify (GAN),DeOldify (GAN)
000000274100.jpg,DeOldify (GAN),Zhang16 Fine-tuned (Ours),DeOldify (GAN)
000000274628.jpg,DeOldify (GAN),Zhang16 Fine-tuned (Ours),DeOldify (GAN)
000000275071.jpg,DeOldify (GAN),Zhang16 Fine-tuned (Ours),DeOldify (GAN)
000000275093.jpg,DeOldify (GAN),Zhang16 Fine-tuned (Ours),DeOldify (GAN)
000000275756.jpg,DeOldify (GAN),Zhang16 Fine-tuned (Ours),DeOldify (GAN)
000000276011.jpg,Zhang16 Fine-tuned (Ours),Zhang16 Fine-tuned (Ours),DeOldify (GAN)
000000276114.jpg,DeOldify (GAN),DeOldify (GAN),DeOldify (GAN)
000000276141.jpg,Zhang16 Fine-tuned (Ours),Zhang16 Fine-tuned (Ours),Zhang16 Fine-tuned (Ours)
000000276738.jpg,Zhang16 Fine-tuned (Ours),Zhang16 Fine-tuned (Ours),Zhang16 Fine-tuned (Ours)
000000278120.jpg,Zhang16 Fine-tuned (Ours),Zhang16 Fine-tuned (Ours),DeOldify (GAN)
000000278122.jpg,DeOldify (GAN),DeOldify (GAN),DeOldify (GAN)
000000278460.jpg,DeOldify (GAN),Zhang16 Fine-tuned (Ours),DeOldify (GAN)
000000278515.jpg,DeOldify (GAN),Zhang16 Fine-tuned (Ours),DeOldify (GAN)
000000278828.jpg,Zhang16 Fine-tuned (Ours),Zhang16 Fine-tuned (Ours),DeOldify (GAN)
000000280201.jpg,DeOldify (GAN),Zhang16 Fine-tuned (Ours),DeOldify (GAN)
000000280658.jpg,Zhang16 Fine-tuned (Ours),Zhang16 Fine-tuned (Ours),DeOldify (GAN)
000000280676.jpg,DeOldify (GAN),Zhang16 Fine-tuned (Ours),DeOldify (GAN)
000000281639.jpg,DeOldify (GAN),DeOldify (GAN),DeOldify (GAN)
000000282330.jpg,DeOldify (GAN),DeOldify (GAN),DeOldify (GAN)
000000282536.jpg,DeOldify (GAN),DeOldify (GAN),DeOldify (GAN)
000000282895.jpg,DeOldify (GAN),DeOldify (GAN),DeOldify (GAN)
000000283594.jpg,DeOldify (GAN),Zhang16 Fine-tuned (Ours),DeOldify (GAN)
000000283789.jpg,Zhang16 Fine-tuned (Ours),Zhang16 Fine-tuned (Ours),DeOldify (GAN)
000000284881.jpg,Zhang16 Fine-tuned (Ours),Zhang16 Fine-tuned (Ours),Zhang16 Fine-tuned (Ours)
000000285393.jpg,Zhang16 Fine-tuned (Ours),Zhang16 Fine-tuned (Ours),DeOldify (GAN)
000000286032.jpg,DeOldify (GAN),DeOldify (GAN),DeOldify (GAN)
000000286107.jpg,DeOldify (GAN),DeOldify (GAN),DeOldify (GAN)
000000286709.jpg,DeOldify (GAN),DeOldify (GAN),DeOldify (GAN)
000000286714.jpg,Zhang16 Fine-tuned (Ours),Zhang16 Fine-tuned (Ours),Zhang16 Fine-tuned (Ours)
000000286721.jpg,Zhang16 Fine-tuned (Ours),Zhang16 Fine-tuned (Ours),DeOldify (GAN)
000000287127.jpg,DeOldify (GAN),Zhang16 Fine-tuned (Ours),DeOldify (GAN)
000000287227.jpg,DeOldify (GAN),Zhang16 Fine-tuned (Ours),DeOldify (GAN)
000000287818.jpg,Zhang16 Fine-tuned (Ours),Zhang16 Fine-tuned (Ours),Zhang16 Fine-tuned (Ours)
000000288572.jpg,Zhang16 Pretrained,DeOldify (GAN),DeOldify (GAN)
000000289877.jpg,DeOldify (GAN),Zhang16 Fine-tuned (Ours),DeOldify (GAN)
000000290680.jpg,Zhang 2017 (Interactive CNN),Zhang16 Fine-tuned (Ours),Zhang16 Fine-tuned (Ours)
000000290844.jpg,Zhang16 Fine-tuned (Ours),Zhang16 Fine-tuned (Ours),DeOldify (GAN)
000000290904.jpg,DeOldify (GAN),DeOldify (GAN),DeOldify (GAN)
000000290917.jpg,Zhang16 Fine-tuned (Ours),Zhang16 Fine-tuned (Ours),DeOldify (GAN)
000000291283.jpg,DeOldify (GAN),DeOldify (GAN),DeOldify (GAN)
000000292423.jpg,Zhang16 Fine-tuned (Ours),Zhang16 Fine-tuned (Ours),DeOldify (GAN)
000000292604.jpg,DeOldify (GAN),Zhang16 Fine-tuned (Ours),DeOldify (GAN)
000000292619.jpg,DeOldify (GAN),Zhang16 Fine-tuned (Ours),DeOldify (GAN)
000000294613.jpg,DeOldify (GAN),Zhang16 Fine-tuned (Ours),DeOldify (GAN)
000000294684.jpg,DeOldify (GAN),Zhang16 Fine-tuned (Ours),DeOldify (GAN)
000000295029.jpg,DeOldify (GAN),DeOldify (GAN),DeOldify (GAN)
000000295047.jpg,DeOldify (GAN),DeOldify (GAN),DeOldify (GAN)
000000296250.jpg,Zhang16 Fine-tuned (Ours),Zhang16 Fine-tuned (Ours),DeOldify (GAN)
000000296591.jpg,Zhang16 Pretrained,Zhang16 Fine-tuned (Ours),DeOldify (GAN)
000000298104.jpg,Zhang16 Fine-tuned (Ours),Zhang16 Fine-tuned (Ours),Zhang16 Fine-tuned (Ours)
000000298108.jpg,DeOldify (GAN),DeOldify (GAN),DeOldify (GAN)
000000299078.jpg,Zhang16 Fine-tuned (Ours),Zhang16 Fine-tuned (Ours),DeOldify (GAN)
000000301736.jpg,DeOldify (GAN),DeOldify (GAN),DeOldify (GAN)
000000301738.jpg,DeOldify (GAN),DeOldify (GAN),DeOldify (GAN)
000000302296.jpg,Zhang16 Pretrained,Zhang16 Fine-tuned (Ours),DeOldify (GAN)
000000302309.jpg,Zhang16 Fine-tuned (Ours),Zhang16 Fine-tuned (Ours),Zhang16 Fine-tuned (Ours)
000000302879.jpg,DeOldify (GAN),DeOldify (GAN),DeOldify (GAN)
000000302947.jpg,Zhang16 Fine-tuned (Ours),Zhang16 Fine-tuned (Ours),Zhang16 Fine-tuned (Ours)
000000303353.jpg,Zhang16 Fine-tuned (Ours),Zhang16 Fine-tuned (Ours),DeOldify (GAN)
000000303363.jpg,DeOldify (GAN),DeOldify (GAN),DeOldify (GAN)
000000303714.jpg,Zhang16 Fine-tuned (Ours),Zhang16 Fine-tuned (Ours),Zhang16 Fine-tuned (Ours)
000000304766.jpg,DeOldify (GAN),Zhang16 Fine-tuned (Ours),DeOldify (GAN)
000000305221.jpg,Zhang16 Fine-tuned (Ours),Zhang16 Fine-tuned (Ours),Zhang16 Fine-tuned (Ours)
000000306965.jpg,DeOldify (GAN),DeOldify (GAN),DeOldify (GAN)
000000307127.jpg,DeOldify (GAN),DeOldify (GAN),DeOldify (GAN)
000000307321.jpg,Zhang16 Fine-tuned (Ours),Zhang16 Fine-tuned (Ours),DeOldify (GAN)
000000308650.jpg,DeOldify (GAN),DeOldify (GAN),DeOldify (GAN)
000000308991.jpg,DeOldify (GAN),Zhang16 Fine-tuned (Ours),DeOldify (GAN)
000000309416.jpg,DeOldify (GAN),Zhang16 Fine-tuned (Ours),Zhang16 Fine-tuned (Ours)
000000309779.jpg,DeOldify (GAN),DeOldify (GAN),DeOldify (GAN)
000000309857.jpg,DeOldify (GAN),Zhang16 Fine-tuned (Ours),DeOldify (GAN)
000000309990.jpg,DeOldify (GAN),DeOldify (GAN),DeOldify (GAN)
000000310520.jpg,Zhang16 Fine-tuned (Ours),Zhang16 Fine-tuned (Ours),Zhang16 Fine-tuned (Ours)
000000310625.jpg,DeOldify (GAN),Zhang16 Fine-tuned (Ours),DeOldify (GAN)
000000310650.jpg,Zhang16 Fine-tuned (Ours),Zhang16 Fine-tuned (Ours),DeOldify (GAN)
000000310828.jpg,DeOldify (GAN),DeOldify (GAN),DeOldify (GAN)
000000312037.jpg,DeOldify (GAN),Zhang16 Fine-tuned (Ours),DeOldify (GAN)
000000312554.jpg,Zhang16 Fine-tuned (Ours),Zhang16 Fine-tuned (Ours),DeOldify (GAN)
000000312699.jpg,DeOldify (GAN),Zhang16 Fine-tuned (Ours),DeOldify (GAN)
000000313894.jpg,Zhang16 Fine-tuned (Ours),Zhang16 Fine-tuned (Ours),Zhang16 Fine-tuned (Ours)
000000314860.jpg,DeOldify (GAN),Zhang16 Fine-tuned (Ours),DeOldify (GAN)
000000315499.jpg,Zhang16 Fine-tuned (Ours),Zhang16 Fine-tuned (Ours),DeOldify (GAN)
000000315665.jpg,DeOldify (GAN),Zhang16 Fine-tuned (Ours),DeOldify (GAN)
000000315731.jpg,DeOldify (GAN),DeOldify (GAN),DeOldify (GAN)
000000315917.jpg,Zhang16 Fine-tuned (Ours),Zhang16 Fine-tuned (Ours),DeOldify (GAN)
000000316246.jpg,DeOldify (GAN),Zhang16 Fine-tuned (Ours),DeOldify (GAN)
000000316300.jpg,DeOldify (GAN),Zhang16 Fine-tuned (Ours),DeOldify (GAN)
000000316986.jpg,Zhang16 Fine-tuned (Ours),Zhang16 Fine-tuned (Ours),DeOldify (GAN)
000000317669.jpg,DeOldify (GAN),DeOldify (GAN),DeOldify (GAN)
000000317976.jpg,Zhang16 Fine-tuned (Ours),Zhang16 Fine-tuned (Ours),DeOldify (GAN)
000000318038.jpg,Zhang16 Fine-tuned (Ours),Zhang16 Fine-tuned (Ours),DeOldify (GAN)
000000318215.jpg,DeOldify (GAN),DeOldify (GAN),DeOldify (GAN)
000000319814.jpg,DeOldify (GAN),Zhang16 Fine-tuned (Ours),DeOldify (GAN)
000000319833.jpg,DeOldify (GAN),Zhang16 Fine-tuned (Ours),DeOldify (GAN)
000000320251.jpg,Zhang16 Fine-tuned (Ours),Zhang16 Fine-tuned (Ours),DeOldify (GAN)
000000320571.jpg,DeOldify (GAN),Zhang16 Fine-tuned (Ours),DeOldify (GAN)
000000321487.jpg,DeOldify (GAN),DeOldify (GAN),DeOldify (GAN)
000000321696.jpg,DeOldify (GAN),DeOldify (GAN),DeOldify (GAN)
000000322058.jpg,Zhang16 Fine-tuned (Ours),Zhang16 Fine-tuned (Ours),DeOldify (GAN)
000000322421.jpg,Zhang16 Fine-tuned (Ours),Zhang16 Fine-tuned (Ours),DeOldify (GAN)
000000322450.jpg,Zhang16 Fine-tuned (Ours),Zhang16 Fine-tuned (Ours),DeOldify (GAN)
000000323194.jpg,DeOldify (GAN),DeOldify (GAN),DeOldify (GAN)
000000324081.jpg,DeOldify (GAN),DeOldify (GAN),DeOldify (GAN)
000000325491.jpg,DeOldify (GAN),Zhang16 Fine-tuned (Ours),DeOldify (GAN)
000000328378.jpg,Zhang16 Fine-tuned (Ours),DeOldify (GAN),DeOldify (GAN)
000000329424.jpg,DeOldify (GAN),Zhang16 Fine-tuned (Ours),DeOldify (GAN)
000000329686.jpg,DeOldify (GAN),Zhang16 Fine-tuned (Ours),DeOldify (GAN)
000000329986.jpg,Zhang16 Fine-tuned (Ours),Zhang16 Fine-tuned (Ours),DeOldify (GAN)
000000333273.jpg,Zhang16 Fine-tuned (Ours),Zhang16 Fine-tuned (Ours),Zhang16 Fine-tuned (Ours)
000000333711.jpg,Zhang16 Fine-tuned (Ours),Zhang16 Fine-tuned (Ours),DeOldify (GAN)
000000334360.jpg,Zhang16 Fine-tuned (Ours),Zhang16 Fine-tuned (Ours),DeOldify (GAN)
000000334870.jpg,DeOldify (GAN),Zhang16 Fine-tuned (Ours),DeOldify (GAN)
000000336200.jpg,Zhang16 Fine-tuned (Ours),Zhang16 Fine-tuned (Ours),DeOldify (GAN)
000000336212.jpg,DeOldify (GAN),DeOldify (GAN),DeOldify (GAN)
000000336256.jpg,DeOldify (GAN),Zhang16 Fine-tuned (Ours),DeOldify (GAN)
000000336794.jpg,Zhang16 Fine-tuned (Ours),Zhang16 Fine-tuned (Ours),DeOldify (GAN)
000000336815.jpg,DeOldify (GAN),Zhang16 Fine-tuned (Ours),DeOldify (GAN)
000000337223.jpg,Zhang16 Fine-tuned (Ours),Zhang16 Fine-tuned (Ours),DeOldify (GAN)
000000337346.jpg,DeOldify (GAN),DeOldify (GAN),DeOldify (GAN)
000000338110.jpg,Zhang16 Fine-tuned (Ours),Zhang16 Fine-tuned (Ours),DeOldify (GAN)
000000339523.jpg,DeOldify (GAN),DeOldify (GAN),DeOldify (GAN)
000000339739.jpg,DeOldify (GAN),DeOldify (GAN),DeOldify (GAN)
000000339889.jpg,DeOldify (GAN),Zhang16 Fine-tuned (Ours),DeOldify (GAN)
000000339995.jpg,DeOldify (GAN),Zhang16 Fine-tuned (Ours),DeOldify (GAN)
000000341044.jpg,DeOldify (GAN),DeOldify (GAN),DeOldify (GAN)
000000341256.jpg,Zhang16 Fine-tuned (Ours),Zhang16 Fine-tuned (Ours),DeOldify (GAN)
000000341261.jpg,DeOldify (GAN),DeOldify (GAN),DeOldify (GAN)
000000342482.jpg,Zhang16 Fine-tuned (Ours),Zhang16 Fine-tuned (Ours),DeOldify (GAN)
000000343237.jpg,Zhang16 Fine-tuned (Ours),Zhang16 Fine-tuned (Ours),Zhang16 Fine-tuned (Ours)
000000343785.jpg,Zhang16 Fine-tuned (Ours),Zhang16 Fine-tuned (Ours),Zhang16 Fine-tuned (Ours)
000000344448.jpg,DeOldify (GAN),Zhang16 Fine-tuned (Ours),Zhang16 Fine-tuned (Ours)
000000344651.jpg,DeOldify (GAN),Zhang16 Fine-tuned (Ours),DeOldify (GAN)
000000344723.jpg,DeOldify (GAN),DeOldify (GAN),DeOldify (GAN)
000000345794.jpg,Zhang16 Fine-tuned (Ours),Zhang16 Fine-tuned (Ours),DeOldify (GAN)
000000346035.jpg,DeOldify (GAN),DeOldify (GAN),DeOldify (GAN)
000000346159.jpg,Zhang16 Fine-tuned (Ours),Zhang16 Fine-tuned (Ours),DeOldify (GAN)
000000346522.jpg,Zhang16 Fine-tuned (Ours),Zhang16 Fine-tuned (Ours),DeOldify (GAN)
000000348778.jpg,DeOldify (GAN),DeOldify (GAN),DeOldify (GAN)
000000349674.jpg,DeOldify (GAN),Zhang16 Fine-tuned (Ours),DeOldify (GAN)
000000349764.jpg,Zhang16 Fine-tuned (Ours),Zhang16 Fine-tuned (Ours),Zhang16 Fine-tuned (Ours)
000000350509.jpg,DeOldify (GAN),DeOldify (GAN),DeOldify (GAN)
000000350906.jpg,DeOldify (GAN),DeOldify (GAN),DeOldify (GAN)
000000353450.jpg,Zhang16 Fine-tuned (Ours),Zhang16 Fine-tuned (Ours),Zhang16 Fine-tuned (Ours)
000000354287.jpg,Zhang16 Fine-tuned (Ours),Zhang16 Fine-tuned (Ours),DeOldify (GAN)
000000354872.jpg,DeOldify (GAN),Zhang16 Fine-tuned (Ours),DeOldify (GAN)
000000355127.jpg,Zhang16 Fine-tuned (Ours),Zhang16 Fine-tuned (Ours),DeOldify (GAN)
000000357170.jpg,Zhang16 Fine-tuned (Ours),Zhang16 Fine-tuned (Ours),DeOldify (GAN)
000000358299.jpg,Zhang16 Fine-tuned (Ours),Zhang16 Fine-tuned (Ours),DeOldify (GAN)
000000358710.jpg,DeOldify (GAN),Zhang16 Fine-tuned (Ours),DeOldify (GAN)
000000358955.jpg,DeOldify (GAN),DeOldify (GAN),DeOldify (GAN)
000000359657.jpg,Zhang16 Fine-tuned (Ours),Zhang16 Fine-tuned (Ours),DeOldify (GAN)
000000359742.jpg,DeOldify (GAN),Zhang16 Fine-tuned (Ours),DeOldify (GAN)
000000361105.jpg,DeOldify (GAN),DeOldify (GAN),DeOldify (GAN)
000000361348.jpg,DeOldify (GAN),Zhang16 Fine-tuned (Ours),DeOldify (GAN)
000000361818.jpg,DeOldify (GAN),DeOldify (GAN),DeOldify (GAN)
000000361906.jpg,Zhang16 Fine-tuned (Ours),Zhang16 Fine-tuned (Ours),DeOldify (GAN)
000000362559.jpg,Zhang16 Fine-tuned (Ours),Zhang16 Fine-tuned (Ours),DeOldify (GAN)
000000362663.jpg,Zhang16 Fine-tuned (Ours),Zhang16 Fine-tuned (Ours),DeOldify (GAN)
000000364170.jpg,DeOldify (GAN),DeOldify (GAN),DeOldify (GAN)
000000364318.jpg,Zhang16 Fine-tuned (Ours),Zhang16 Fine-tuned (Ours),DeOldify (GAN)
000000365823.jpg,DeOldify (GAN),Zhang16 Fine-tuned (Ours),DeOldify (GAN)
000000366800.jpg,DeOldify (GAN),Zhang16 Fine-tuned (Ours),DeOldify (GAN)
000000367016.jpg,DeOldify (GAN),DeOldify (GAN),DeOldify (GAN)
000000368464.jpg,DeOldify (GAN),Zhang16 Fine-tuned (Ours),DeOldify (GAN)
000000368801.jpg,DeOldify (GAN),Zhang16 Fine-tuned (Ours),DeOldify (GAN)
000000369464.jpg,DeOldify (GAN),Zhang16 Fine-tuned (Ours),DeOldify (GAN)
000000369549.jpg,DeOldify (GAN),DeOldify (GAN),DeOldify (GAN)
000000369586.jpg,DeOldify (GAN),DeOldify (GAN),DeOldify (GAN)
000000369984.jpg,DeOldify (GAN),Zhang16 Fine-tuned (Ours),DeOldify (GAN)
000000370789.jpg,Zhang16 Fine-tuned (Ours),Zhang16 Fine-tuned (Ours),DeOldify (GAN)
000000371895.jpg,DeOldify (GAN),Zhang16 Fine-tuned (Ours),DeOldify (GAN)
000000372189.jpg,DeOldify (GAN),Zhang16 Fine-tuned (Ours),DeOldify (GAN)
000000372598.jpg,DeOldify (GAN),Zhang16 Fine-tuned (Ours),DeOldify (GAN)
000000373031.jpg,Zhang16 Fine-tuned (Ours),Zhang16 Fine-tuned (Ours),DeOldify (GAN)
000000375355.jpg,DeOldify (GAN),Zhang16 Fine-tuned (Ours),DeOldify (GAN)
000000376023.jpg,DeOldify (GAN),DeOldify (GAN),DeOldify (GAN)
000000376100.jpg,DeOldify (GAN),DeOldify (GAN),Zhang16 Fine-tuned (Ours)
000000377126.jpg,Zhang16 Fine-tuned (Ours),Zhang16 Fine-tuned (Ours),DeOldify (GAN)
000000377253.jpg,Zhang16 Fine-tuned (Ours),Zhang16 Fine-tuned (Ours),Zhang16 Fine-tuned (Ours)
000000377374.jpg,DeOldify (GAN),Zhang16 Fine-tuned (Ours),DeOldify (GAN)
000000377452.jpg,Zhang16 Fine-tuned (Ours),Zhang16 Fine-tuned (Ours),DeOldify (GAN)
000000378483.jpg,Zhang16 Fine-tuned (Ours),Zhang16 Fine-tuned (Ours),DeOldify (GAN)
000000380004.jpg,Zhang16 Fine-tuned (Ours),Zhang16 Fine-tuned (Ours),DeOldify (GAN)
000000381553.jpg,Zhang16 Fine-tuned (Ours),Zhang16 Fine-tuned (Ours),Zhang16 Fine-tuned (Ours)
000000382299.jpg,DeOldify (GAN),DeOldify (GAN),DeOldify (GAN)
000000384571.jpg,DeOldify (GAN),Zhang16 Fine-tuned (Ours),DeOldify (GAN)
000000384581.jpg,Zhang16 Pretrained,Zhang16 Fine-tuned (Ours),Zhang16 Pretrained
000000384702.jpg,DeOldify (GAN),Zhang16 Fine-tuned (Ours),DeOldify (GAN)
000000386180.jpg,DeOldify (GAN),DeOldify (GAN),DeOldify (GAN)
000000386519.jpg,DeOldify (GAN),DeOldify (GAN),DeOldify (GAN)
000000388111.jpg,Zhang16 Fine-tuned (Ours),DeOldify (GAN),DeOldify (GAN)
000000388470.jpg,Zhang16 Fine-tuned (Ours),Zhang16 Fine-tuned (Ours),DeOldify (GAN)
000000388535.jpg,DeOldify (GAN),DeOldify (GAN),DeOldify (GAN)
000000388749.jpg,Zhang16 Fine-tuned (Ours),Zhang16 Fine-tuned (Ours),DeOldify (GAN)
000000389501.jpg,DeOldify (GAN),DeOldify (GAN),DeOldify (GAN)
000000389593.jpg,Zhang16 Fine-tuned (Ours),Zhang16 Fine-tuned (Ours),DeOldify (GAN)
000000390623.jpg,DeOldify (GAN),DeOldify (GAN),DeOldify (GAN)
000000390786.jpg,DeOldify (GAN),Zhang16 Fine-tuned (Ours),DeOldify (GAN)
000000391705.jpg,Zhang16 Fine-tuned (Ours),Zhang16 Fine-tuned (Ours),DeOldify (GAN)
000000391719.jpg,DeOldify (GAN),DeOldify (GAN),DeOldify (GAN)
000000391929.jpg,DeOldify (GAN),Zhang16 Fine-tuned (Ours),DeOldify (GAN)
000000392628.jpg,Zhang16 Fine-tuned (Ours),Zhang16 Fine-tuned (Ours),Zhang16 Fine-tuned (Ours)
000000392823.jpg,DeOldify (GAN),Zhang16 Fine-tuned (Ours),DeOldify (GAN)
000000393740.jpg,DeOldify (GAN),Zhang16 Fine-tuned (Ours),DeOldify (GAN)
000000393861.jpg,DeOldify (GAN),DeOldify (GAN),DeOldify (GAN)
000000394086.jpg,DeOldify (GAN),Zhang16 Fine-tuned (Ours),DeOldify (GAN)
000000394136.jpg,DeOldify (GAN),DeOldify (GAN),DeOldify (GAN)
000000394350.jpg,DeOldify (GAN),Zhang16 Fine-tuned (Ours),DeOldify (GAN)
000000395857.jpg,DeOldify (GAN),Zhang16 Fine-tuned (Ours),DeOldify (GAN)
000000397493.jpg,DeOldify (GAN),Zhang16 Fine-tuned (Ours),DeOldify (GAN)
000000399316.jpg,DeOldify (GAN),DeOldify (GAN),DeOldify (GAN)
000000399424.jpg,Zhang16 Fine-tuned (Ours),Zhang16 Fine-tuned (Ours),DeOldify (GAN)
000000401252.jpg,DeOldify (GAN),Zhang16 Fine-tuned (Ours),DeOldify (GAN)
000000402724.jpg,DeOldify (GAN),DeOldify (GAN),DeOldify (GAN)
000000402750.jpg,Zhang16 Fine-tuned (Ours),Zhang16 Fine-tuned (Ours),DeOldify (GAN)
000000403129.jpg,Zhang16 Pretrained,Zhang16 Fine-tuned (Ours),Zhang16 Fine-tuned (Ours)
000000403734.jpg,Zhang16 Pretrained,Zhang16 Fine-tuned (Ours),Zhang16 Fine-tuned (Ours)
000000405363.jpg,DeOldify (GAN),Zhang16 Fine-tuned (Ours),DeOldify (GAN)
000000406179.jpg,DeOldify (GAN),Zhang16 Fine-tuned (Ours),DeOldify (GAN)
000000407250.jpg,DeOldify (GAN),Zhang16 Fine-tuned (Ours),DeOldify (GAN)
000000407258.jpg,DeOldify (GAN),DeOldify (GAN),DeOldify (GAN)
000000408663.jpg,Zhang16 Fine-tuned (Ours),Zhang16 Fine-tuned (Ours),Zhang16 Fine-tuned (Ours)
000000409253.jpg,DeOldify (GAN),DeOldify (GAN),DeOldify (GAN)
000000409827.jpg,DeOldify (GAN),DeOldify (GAN),DeOldify (GAN)
000000410025.jpg,Zhang16 Fine-tuned (Ours),DeOldify (GAN),DeOldify (GAN)
000000410158.jpg,Zhang16 Fine-tuned (Ours),Zhang16 Fine-tuned (Ours),DeOldify (GAN)
000000410317.jpg,Zhang16 Pretrained,DeOldify (GAN),Zhang16 Fine-tuned (Ours)
000000410685.jpg,Zhang16 Fine-tuned (Ours),Zhang16 Fine-tuned (Ours),DeOldify (GAN)
000000410738.jpg,Zhang16 Fine-tuned (Ours),Zhang16 Fine-tuned (Ours),DeOldify (GAN)
000000410811.jpg,DeOldify (GAN),Zhang16 Fine-tuned (Ours),DeOldify (GAN)
000000411194.jpg,DeOldify (GAN),DeOldify (GAN),DeOldify (GAN)
000000412329.jpg,DeOldify (GAN),DeOldify (GAN),DeOldify (GAN)
000000412601.jpg,DeOldify (GAN),DeOldify (GAN),DeOldify (GAN)
000000412921.jpg,DeOldify (GAN),DeOldify (GAN),DeOldify (GAN)
000000414191.jpg,DeOldify (GAN),DeOldify (GAN),DeOldify (GAN)
000000414702.jpg,Zhang16 Fine-tuned (Ours),Zhang16 Fine-tuned (Ours),Zhang16 Fine-tuned (Ours)
000000415431.jpg,DeOldify (GAN),Zhang16 Fine-tuned (Ours),DeOldify (GAN)
000000415744.jpg,DeOldify (GAN),DeOldify (GAN),DeOldify (GAN)
000000415774.jpg,Zhang16 Fine-tuned (Ours),Zhang16 Fine-tuned (Ours),Zhang16 Fine-tuned (Ours)
000000415908.jpg,DeOldify (GAN),DeOldify (GAN),DeOldify (GAN)
000000416056.jpg,Zhang16 Fine-tuned (Ours),Zhang16 Fine-tuned (Ours),DeOldify (GAN)
000000416173.jpg,Zhang16 Fine-tuned (Ours),Zhang16 Fine-tuned (Ours),Zhang16 Fine-tuned (Ours)
000000416797.jpg,DeOldify (GAN),Zhang16 Fine-tuned (Ours),DeOldify (GAN)
000000417785.jpg,DeOldify (GAN),Zhang16 Fine-tuned (Ours),DeOldify (GAN)
000000418660.jpg,DeOldify (GAN),DeOldify (GAN),DeOldify (GAN)
000000418795.jpg,DeOldify (GAN),Zhang16 Fine-tuned (Ours),DeOldify (GAN)
000000420336.jpg,DeOldify (GAN),DeOldify (GAN),DeOldify (GAN)
000000420773.jpg,DeOldify (GAN),Zhang16 Fine-tuned (Ours),DeOldify (GAN)
000000421482.jpg,DeOldify (GAN),Zhang16 Fine-tuned (Ours),DeOldify (GAN)
000000421695.jpg,DeOldify (GAN),DeOldify (GAN),DeOldify (GAN)
000000422993.jpg,Zhang16 Fine-tuned (Ours),Zhang16 Fine-tuned (Ours),DeOldify (GAN)
000000423159.jpg,Zhang16 Fine-tuned (Ours),Zhang16 Fine-tuned (Ours),DeOldify (GAN)
000000423460.jpg,Zhang16 Fine-tuned (Ours),Zhang16 Fine-tuned (Ours),DeOldify (GAN)
000000423831.jpg,DeOldify (GAN),Zhang16 Fine-tuned (Ours),DeOldify (GAN)
000000424004.jpg,DeOldify (GAN),DeOldify (GAN),DeOldify (GAN)
000000424639.jpg,Zhang16 Pretrained,Zhang16 Pretrained,DeOldify (GAN)
000000425241.jpg,Zhang16 Fine-tuned (Ours),Zhang16 Fine-tuned (Ours),DeOldify (GAN)
000000425700.jpg,DeOldify (GAN),Zhang16 Fine-tuned (Ours),Zhang16 Fine-tuned (Ours)
000000425738.jpg,Zhang16 Fine-tuned (Ours),Zhang16 Fine-tuned (Ours),Zhang16 Fine-tuned (Ours)
000000426272.jpg,DeOldify (GAN),Zhang16 Fine-tuned (Ours),DeOldify (GAN)
000000426362.jpg,Zhang16 Fine-tuned (Ours),DeOldify (GAN),DeOldify (GAN)
000000428511.jpg,Zhang16 Fine-tuned (Ours),Zhang16 Fine-tuned (Ours),DeOldify (GAN)
000000428958.jpg,Zhang16 Fine-tuned (Ours),Zhang16 Fine-tuned (Ours),DeOldify (GAN)
000000429665.jpg,Zhang16 Pretrained,Zhang16 Pretrained,Zhang16 Pretrained
000000430806.jpg,DeOldify (GAN),Zhang16 Fine-tuned (Ours),DeOldify (GAN)
000000432177.jpg,DeOldify (GAN),DeOldify (GAN),DeOldify (GAN)
000000432208.jpg,DeOldify (GAN),Zhang16 Fine-tuned (Ours),DeOldify (GAN)
000000432536.jpg,Zhang16 Fine-tuned (Ours),Zhang16 Fine-tuned (Ours),DeOldify (GAN)
000000433471.jpg,DeOldify (GAN),Zhang16 Fine-tuned (Ours),DeOldify (GAN)
000000433620.jpg,DeOldify (GAN),Zhang16 Fine-tuned (Ours),DeOldify (GAN)
000000434395.jpg,DeOldify (GAN),DeOldify (GAN),DeOldify (GAN)
000000434770.jpg,Zhang16 Fine-tuned (Ours),Zhang16 Fine-tuned (Ours),DeOldify (GAN)
000000435195.jpg,Zhang16 Fine-tuned (Ours),Zhang16 Fine-tuned (Ours),DeOldify (GAN)
000000435502.jpg,Zhang16 Fine-tuned (Ours),Zhang16 Fine-tuned (Ours),DeOldify (GAN)
000000439064.jpg,Zhang16 Fine-tuned (Ours),Zhang16 Fine-tuned (Ours),Zhang16 Fine-tuned (Ours)
000000439671.jpg,Zhang16 Fine-tuned (Ours),Zhang16 Fine-tuned (Ours),DeOldify (GAN)
000000440464.jpg,Zhang16 Fine-tuned (Ours),Zhang16 Fine-tuned (Ours),DeOldify (GAN)
000000440770.jpg,Zhang16 Fine-tuned (Ours),Zhang16 Fine-tuned (Ours),DeOldify (GAN)
000000440800.jpg,DeOldify (GAN),Zhang16 Fine-tuned (Ours),DeOldify (GAN)
000000440888.jpg,DeOldify (GAN),Zhang16 Fine-tuned (Ours),DeOldify (GAN)
000000441209.jpg,DeOldify (GAN),DeOldify (GAN),DeOldify (GAN)
000000441388.jpg,Zhang16 Fine-tuned (Ours),Zhang16 Fine-tuned (Ours),DeOldify (GAN)
000000441692.jpg,DeOldify (GAN),DeOldify (GAN),DeOldify (GAN)
000000443219.jpg,DeOldify (GAN),DeOldify (GAN),DeOldify (GAN)
000000443252.jpg,DeOldify (GAN),Zhang16 Fine-tuned (Ours),DeOldify (GAN)
000000443355.jpg,DeOldify (GAN),DeOldify (GAN),DeOldify (GAN)
000000443378.jpg,DeOldify (GAN),DeOldify (GAN),DeOldify (GAN)
000000444243.jpg,DeOldify (GAN),DeOldify (GAN),DeOldify (GAN)
000000444653.jpg,DeOldify (GAN),Zhang16 Fine-tuned (Ours),DeOldify (GAN)
000000444902.jpg,Zhang16 Fine-tuned (Ours),Zhang16 Fine-tuned (Ours),DeOldify (GAN)
000000445021.jpg,Zhang16 Pretrained,DeOldify (GAN),DeOldify (GAN)
000000445302.jpg,DeOldify (GAN),Zhang16 Fine-tuned (Ours),DeOldify (GAN)
000000445852.jpg,DeOldify (GAN),DeOldify (GAN),DeOldify (GAN)
000000447805.jpg,Zhang16 Fine-tuned (Ours),Zhang16 Fine-tuned (Ours),DeOldify (GAN)
000000448272.jpg,DeOldify (GAN),DeOldify (GAN),DeOldify (GAN)
000000448515.jpg,Zhang16 Fine-tuned (Ours),Zhang16 Fine-tuned (Ours),DeOldify (GAN)
000000449074.jpg,DeOldify (GAN),DeOldify (GAN),DeOldify (GAN)
000000449582.jpg,Zhang16 Fine-tuned (Ours),Zhang16 Fine-tuned (Ours),DeOldify (GAN)
000000449696.jpg,DeOldify (GAN),Zhang16 Fine-tuned (Ours),DeOldify (GAN)
000000449982.jpg,Zhang16 Fine-tuned (Ours),Zhang16 Fine-tuned (Ours),DeOldify (GAN)
000000450211.jpg,Zhang16 Fine-tuned (Ours),Zhang16 Fine-tuned (Ours),DeOldify (GAN)
000000450645.jpg,Zhang16 Fine-tuned (Ours),Zhang16 Fine-tuned (Ours),Zhang16 Fine-tuned (Ours)
000000450656.jpg,DeOldify (GAN),DeOldify (GAN),DeOldify (GAN)
000000451570.jpg,DeOldify (GAN),DeOldify (GAN),DeOldify (GAN)
000000451582.jpg,DeOldify (GAN),Zhang16 Fine-tuned (Ours),DeOldify (GAN)
000000452032.jpg,DeOldify (GAN),DeOldify (GAN),DeOldify (GAN)
000000452325.jpg,DeOldify (GAN),DeOldify (GAN),DeOldify (GAN)
000000453437.jpg,DeOldify (GAN),Zhang16 Fine-tuned (Ours),DeOldify (GAN)
000000453564.jpg,DeOldify (GAN),Zhang16 Fine-tuned (Ours),Zhang16 Fine-tuned (Ours)
000000454266.jpg,Zhang16 Fine-tuned (Ours),Zhang16 Fine-tuned (Ours),DeOldify (GAN)
000000454939.jpg,DeOldify (GAN),DeOldify (GAN),DeOldify (GAN)
000000454980.jpg,DeOldify (GAN),Zhang16 Fine-tuned (Ours),DeOldify (GAN)
000000456363.jpg,Zhang16 Fine-tuned (Ours),Zhang16 Fine-tuned (Ours),DeOldify (GAN)
000000457302.jpg,DeOldify (GAN),Zhang16 Fine-tuned (Ours),DeOldify (GAN)
000000457391.jpg,DeOldify (GAN),Zhang16 Fine-tuned (Ours),DeOldify (GAN)
000000457958.jpg,Zhang16 Fine-tuned (Ours),Zhang16 Fine-tuned (Ours),DeOldify (GAN)
000000458293.jpg,Zhang16 Fine-tuned (Ours),Zhang16 Pretrained,DeOldify (GAN)
000000461432.jpg,Zhang16 Fine-tuned (Ours),Zhang16 Fine-tuned (Ours),DeOldify (GAN)
000000462337.jpg,Zhang16 Fine-tuned (Ours),Zhang16 Fine-tuned (Ours),Zhang16 Fine-tuned (Ours)
000000462351.jpg,Zhang16 Fine-tuned (Ours),Zhang16 Fine-tuned (Ours),DeOldify (GAN)
000000464189.jpg,Zhang16 Fine-tuned (Ours),Zhang16 Fine-tuned (Ours),Zhang16 Fine-tuned (Ours)
000000464936.jpg,DeOldify (GAN),Zhang 2017 (Interactive CNN),DeOldify (GAN)
000000465628.jpg,Zhang16 Fine-tuned (Ours),Zhang16 Fine-tuned (Ours),DeOldify (GAN)
000000467291.jpg,DeOldify (GAN),Zhang16 Fine-tuned (Ours),DeOldify (GAN)
000000467306.jpg,DeOldify (GAN),DeOldify (GAN),DeOldify (GAN)
000000467695.jpg,Zhang16 Pretrained,Zhang16 Fine-tuned (Ours),DeOldify (GAN)
000000467850.jpg,Zhang16 Fine-tuned (Ours),Zhang16 Fine-tuned (Ours),Zhang16 Fine-tuned (Ours)
000000468268.jpg,DeOldify (GAN),DeOldify (GAN),DeOldify (GAN)
000000469044.jpg,Zhang16 Fine-tuned (Ours),Zhang16 Fine-tuned (Ours),DeOldify (GAN)
000000469511.jpg,Zhang 2017 (Interactive CNN),Zhang16 Fine-tuned (Ours),DeOldify (GAN)
000000470427.jpg,Zhang16 Fine-tuned (Ours),Zhang16 Fine-tuned (Ours),Zhang16 Fine-tuned (Ours)
000000471388.jpg,DeOldify (GAN),DeOldify (GAN),DeOldify (GAN)
000000472523.jpg,DeOldify (GAN),Zhang16 Fine-tuned (Ours),DeOldify (GAN)
000000472688.jpg,DeOldify (GAN),DeOldify (GAN),DeOldify (GAN)
000000473303.jpg,DeOldify (GAN),DeOldify (GAN),DeOldify (GAN)
000000473400.jpg,Zhang16 Fine-tuned (Ours),Zhang16 Fine-tuned (Ours),DeOldify (GAN)
000000473864.jpg,Zhang16 Fine-tuned (Ours),Zhang16 Fine-tuned (Ours),DeOldify (GAN)
000000473909.jpg,Zhang16 Fine-tuned (Ours),Zhang16 Fine-tuned (Ours),Zhang16 Fine-tuned (Ours)
000000474812.jpg,Zhang16 Fine-tuned (Ours),Zhang 2017 (Interactive CNN),DeOldify (GAN)
000000475246.jpg,DeOldify (GAN),Zhang16 Fine-tuned (Ours),DeOldify (GAN)
000000476390.jpg,DeOldify (GAN),DeOldify (GAN),DeOldify (GAN)
000000477323.jpg,Zhang16 Pretrained,Zhang16 Fine-tuned (Ours),Zhang16 Fine-tuned (Ours)
000000477832.jpg,Zhang16 Fine-tuned (Ours),Zhang16 Fine-tuned (Ours),DeOldify (GAN)
000000478183.jpg,DeOldify (GAN),Zhang16 Fine-tuned (Ours),DeOldify (GAN)
000000478218.jpg,DeOldify (GAN),Zhang16 Fine-tuned (Ours),DeOldify (GAN)
000000478746.jpg,Zhang16 Pretrained,Zhang16 Fine-tuned (Ours),DeOldify (GAN)
000000479224.jpg,DeOldify (GAN),DeOldify (GAN),DeOldify (GAN)
000000480149.jpg,Zhang 2017 (Interactive CNN),Zhang16 Fine-tuned (Ours),Zhang16 Fine-tuned (Ours)
000000480276.jpg,Zhang16 Fine-tuned (Ours),Zhang16 Fine-tuned (Ours),Zhang16 Fine-tuned (Ours)
000000480466.jpg,Zhang16 Fine-tuned (Ours),Zhang16 Fine-tuned (Ours),Zhang16 Fine-tuned (Ours)
000000480987.jpg,DeOldify (GAN),Zhang16 Fine-tuned (Ours),DeOldify (GAN)
000000481307.jpg,DeOldify (GAN),DeOldify (GAN),DeOldify (GAN)
000000482289.jpg,DeOldify (GAN),DeOldify (GAN),DeOldify (GAN)
000000482640.jpg,Zhang16 Fine-tuned (Ours),Zhang16 Fine-tuned (Ours),DeOldify (GAN)
000000482645.jpg,Zhang16 Fine-tuned (Ours),Zhang16 Fine-tuned (Ours),Zhang16 Fine-tuned (Ours)
000000482973.jpg,Zhang16 Fine-tuned (Ours),Zhang16 Fine-tuned (Ours),Zhang16 Fine-tuned (Ours)
000000483619.jpg,Zhang16 Fine-tuned (Ours),Zhang16 Fine-tuned (Ours),Zhang16 Fine-tuned (Ours)
000000486591.jpg,Zhang16 Fine-tuned (Ours),Zhang16 Fine-tuned (Ours),DeOldify (GAN)
000000487158.jpg,Zhang16 Fine-tuned (Ours),Zhang16 Fine-tuned (Ours),Zhang16 Fine-tuned (Ours)
000000487214.jpg,DeOldify (GAN),Zhang16 Fine-tuned (Ours),DeOldify (GAN)
000000487789.jpg,DeOldify (GAN),Zhang16 Fine-tuned (Ours),DeOldify (GAN)
000000487969.jpg,Zhang16 Fine-tuned (Ours),Zhang16 Fine-tuned (Ours),DeOldify (GAN)
000000488067.jpg,DeOldify (GAN),Zhang16 Pretrained,DeOldify (GAN)
000000488900.jpg,Zhang16 Fine-tuned (Ours),Zhang16 Fine-tuned (Ours),DeOldify (GAN)
000000489092.jpg,Zhang16 Fine-tuned (Ours),DeOldify (GAN),DeOldify (GAN)
000000489240.jpg,DeOldify (GAN),Zhang16 Fine-tuned (Ours),DeOldify (GAN)
000000489365.jpg,DeOldify (GAN),DeOldify (GAN),DeOldify (GAN)
000000489392.jpg,Zhang16 Fine-tuned (Ours),Zhang16 Fine-tuned (Ours),Zhang16 Fine-tuned (Ours)
000000489536.jpg,Zhang16 Fine-tuned (Ours),Zhang16 Fine-tuned (Ours),Zhang16 Fine-tuned (Ours)
000000489562.jpg,DeOldify (GAN),Zhang16 Fine-tuned (Ours),DeOldify (GAN)
000000489925.jpg,Zhang16 Fine-tuned (Ours),Zhang16 Fine-tuned (Ours),Zhang16 Fine-tuned (Ours)
000000490229.jpg,DeOldify (GAN),Zhang16 Fine-tuned (Ours),DeOldify (GAN)
000000490573.jpg,DeOldify (GAN),DeOldify (GAN),DeOldify (GAN)
000000492688.jpg,Zhang16 Fine-tuned (Ours),DeOldify (GAN),DeOldify (GAN)
000000493693.jpg,DeOldify (GAN),Zhang16 Fine-tuned (Ours),DeOldify (GAN)
000000493948.jpg,Zhang16 Fine-tuned (Ours),Zhang16 Fine-tuned (Ours),DeOldify (GAN)
000000494088.jpg,Zhang16 Fine-tuned (Ours),Zhang16 Fine-tuned (Ours),DeOldify (GAN)
000000495016.jpg,DeOldify (GAN),Zhang16 Fine-tuned (Ours),DeOldify (GAN)
000000495550.jpg,DeOldify (GAN),DeOldify (GAN),DeOldify (GAN)
000000495998.jpg,DeOldify (GAN),DeOldify (GAN),DeOldify (GAN)
000000496163.jpg,DeOldify (GAN),DeOldify (GAN),DeOldify (GAN)
000000496590.jpg,DeOldify (GAN),DeOldify (GAN),DeOldify (GAN)
000000496827.jpg,DeOldify (GAN),DeOldify (GAN),DeOldify (GAN)
000000496852.jpg,DeOldify (GAN),DeOldify (GAN),DeOldify (GAN)
000000497293.jpg,DeOldify (GAN),DeOldify (GAN),DeOldify (GAN)
000000497346.jpg,DeOldify (GAN),Zhang16 Fine-tuned (Ours),DeOldify (GAN)
000000497814.jpg,DeOldify (GAN),DeOldify (GAN),DeOldify (GAN)
000000497866.jpg,Zhang16 Fine-tuned (Ours),Zhang16 Fine-tuned (Ours),Zhang16 Fine-tuned (Ours)
000000497886.jpg,Zhang16 Fine-tuned (Ours),Zhang16 Fine-tuned (Ours),DeOldify (GAN)
000000499178.jpg,Zhang16 Fine-tuned (Ours),Zhang16 Fine-tuned (Ours),Zhang16 Fine-tuned (Ours)
000000499769.jpg,Zhang 2017 (Interactive CNN),DeOldify (GAN),DeOldify (GAN)
000000500131.jpg,Zhang16 Fine-tuned (Ours),Zhang16 Fine-tuned (Ours),DeOldify (GAN)
000000500308.jpg,DeOldify (GAN),DeOldify (GAN),DeOldify (GAN)
000000500397.jpg,DeOldify (GAN),DeOldify (GAN),DeOldify (GAN)
000000501024.jpg,DeOldify (GAN),DeOldify (GAN),DeOldify (GAN)
000000501068.jpg,DeOldify (GAN),DeOldify (GAN),DeOldify (GAN)
000000501207.jpg,Zhang16 Fine-tuned (Ours),Zhang16 Fine-tuned (Ours),DeOldify (GAN)
000000502734.jpg,Zhang16 Pretrained,DeOldify (GAN),DeOldify (GAN)
000000502834.jpg,DeOldify (GAN),DeOldify (GAN),DeOldify (GAN)
000000504966.jpg,DeOldify (GAN),Zhang16 Fine-tuned (Ours),DeOldify (GAN)
000000505231.jpg,DeOldify (GAN),DeOldify (GAN),DeOldify (GAN)
000000507156.jpg,DeOldify (GAN),Zhang16 Fine-tuned (Ours),DeOldify (GAN)
000000507433.jpg,Zhang16 Fine-tuned (Ours),Zhang16 Fine-tuned (Ours),DeOldify (GAN)
000000508587.jpg,Zhang16 Fine-tuned (Ours),DeOldify (GAN),DeOldify (GAN)
000000508942.jpg,Zhang16 Fine-tuned (Ours),Zhang16 Fine-tuned (Ours),DeOldify (GAN)
000000509125.jpg,DeOldify (GAN),Zhang16 Fine-tuned (Ours),DeOldify (GAN)
000000509857.jpg,Zhang16 Fine-tuned (Ours),Zhang16 Fine-tuned (Ours),DeOldify (GAN)
000000510575.jpg,DeOldify (GAN),DeOldify (GAN),DeOldify (GAN)
000000512278.jpg,DeOldify (GAN),DeOldify (GAN),DeOldify (GAN)
000000513747.jpg,DeOldify (GAN),DeOldify (GAN),DeOldify (GAN)
000000513763.jpg,Zhang16 Fine-tuned (Ours),Zhang16 Fine-tuned (Ours),Zhang16 Fine-tuned (Ours)
000000513788.jpg,DeOldify (GAN),DeOldify (GAN),DeOldify (GAN)
000000514876.jpg,Zhang 2017 (Interactive CNN),DeOldify (GAN),DeOldify (GAN)
000000516166.jpg,Zhang16 Fine-tuned (Ours),Zhang16 Fine-tuned (Ours),DeOldify (GAN)
000000516746.jpg,Zhang16 Fine-tuned (Ours),Zhang16 Fine-tuned (Ours),DeOldify (GAN)
000000517892.jpg,DeOldify (GAN),Zhang16 Fine-tuned (Ours),DeOldify (GAN)
000000518461.jpg,Zhang16 Fine-tuned (Ours),Zhang16 Fine-tuned (Ours),DeOldify (GAN)
000000519456.jpg,Zhang16 Fine-tuned (Ours),Zhang16 Fine-tuned (Ours),DeOldify (GAN)
000000519473.jpg,DeOldify (GAN),Zhang16 Fine-tuned (Ours),DeOldify (GAN)
000000519698.jpg,DeOldify (GAN),DeOldify (GAN),DeOldify (GAN)
000000519825.jpg,DeOldify (GAN),DeOldify (GAN),DeOldify (GAN)
000000521265.jpg,Zhang16 Fine-tuned (Ours),Zhang16 Fine-tuned (Ours),Zhang16 Fine-tuned (Ours)
000000522648.jpg,Zhang16 Fine-tuned (Ours),Zhang16 Fine-tuned (Ours),Zhang16 Fine-tuned (Ours)
000000524566.jpg,Zhang16 Fine-tuned (Ours),Zhang16 Fine-tuned (Ours),DeOldify (GAN)
000000524687.jpg,DeOldify (GAN),DeOldify (GAN),DeOldify (GAN)
000000525901.jpg,DeOldify (GAN),DeOldify (GAN),DeOldify (GAN)
000000526918.jpg,DeOldify (GAN),Zhang16 Fine-tuned (Ours),DeOldify (GAN)
000000527007.jpg,DeOldify (GAN),DeOldify (GAN),DeOldify (GAN)
000000527162.jpg,Zhang16 Fine-tuned (Ours),Zhang16 Fine-tuned (Ours),Zhang16 Fine-tuned (Ours)
000000528103.jpg,DeOldify (GAN),Zhang16 Fine-tuned (Ours),DeOldify (GAN)
000000528703.jpg,Zhang16 Fine-tuned (Ours),Zhang16 Fine-tuned (Ours),Zhang16 Fine-tuned (Ours)
000000528902.jpg,DeOldify (GAN),Zhang16 Fine-tuned (Ours),DeOldify (GAN)
000000529149.jpg,DeOldify (GAN),Zhang16 Fine-tuned (Ours),DeOldify (GAN)
000000530032.jpg,Zhang16 Fine-tuned (Ours),Zhang16 Fine-tuned (Ours),Zhang16 Fine-tuned (Ours)
000000530139.jpg,DeOldify (GAN),DeOldify (GAN),DeOldify (GAN)
000000531310.jpg,DeOldify (GAN),Zhang 2017 (Interactive CNN),DeOldify (GAN)
000000532528.jpg,Zhang16 Fine-tuned (Ours),Zhang16 Fine-tuned (Ours),Zhang16 Fine-tuned (Ours)
000000532794.jpg,Zhang16 Fine-tuned (Ours),Zhang16 Fine-tuned (Ours),DeOldify (GAN)
000000532939.jpg,Zhang16 Fine-tuned (Ours),Zhang16 Fine-tuned (Ours),DeOldify (GAN)
000000533167.jpg,DeOldify (GAN),Zhang16 Fine-tuned (Ours),DeOldify (GAN)
000000533492.jpg,DeOldify (GAN),Zhang16 Fine-tuned (Ours),DeOldify (GAN)
000000534563.jpg,Zhang16 Fine-tuned (Ours),Zhang16 Fine-tuned (Ours),DeOldify (GAN)
000000534893.jpg,DeOldify (GAN),DeOldify (GAN),DeOldify (GAN)
000000534929.jpg,DeOldify (GAN),DeOldify (GAN),DeOldify (GAN)
000000535594.jpg,DeOldify (GAN),Zhang16 Fine-tuned (Ours),DeOldify (GAN)
000000535744.jpg,DeOldify (GAN),DeOldify (GAN),DeOldify (GAN)
000000536197.jpg,DeOldify (GAN),DeOldify (GAN),DeOldify (GAN)
000000536256.jpg,DeOldify (GAN),DeOldify (GAN),DeOldify (GAN)
000000536591.jpg,DeOldify (GAN),Zhang16 Fine-tuned (Ours),DeOldify (GAN)
000000537394.jpg,Zhang16 Fine-tuned (Ours),Zhang16 Fine-tuned (Ours),DeOldify (GAN)
000000537747.jpg,DeOldify (GAN),DeOldify (GAN),DeOldify (GAN)
000000538365.jpg,Zhang16 Fine-tuned (Ours),DeOldify (GAN),DeOldify (GAN)
000000538767.jpg,DeOldify (GAN),DeOldify (GAN),DeOldify (GAN)
000000539512.jpg,Zhang16 Pretrained,Zhang16 Fine-tuned (Ours),DeOldify (GAN)
000000540650.jpg,DeOldify (GAN),Zhang16 Fine-tuned (Ours),DeOldify (GAN)
000000540908.jpg,Zhang16 Fine-tuned (Ours),Zhang16 Fine-tuned (Ours),DeOldify (GAN)
000000541946.jpg,DeOldify (GAN),Zhang16 Fine-tuned (Ours),DeOldify (GAN)
000000543061.jpg,Zhang16 Fine-tuned (Ours),Zhang16 Fine-tuned (Ours),DeOldify (GAN)
000000543624.jpg,Zhang16 Fine-tuned (Ours),DeOldify (GAN),DeOldify (GAN)
000000544049.jpg,Zhang16 Pretrained,DeOldify (GAN),Zhang16 Pretrained
000000544468.jpg,DeOldify (GAN),Zhang16 Fine-tuned (Ours),DeOldify (GAN)
000000544509.jpg,DeOldify (GAN),Zhang16 Fine-tuned (Ours),DeOldify (GAN)
000000544790.jpg,DeOldify (GAN),DeOldify (GAN),DeOldify (GAN)
000000546072.jpg,DeOldify (GAN),DeOldify (GAN),DeOldify (GAN)
000000546573.jpg,DeOldify (GAN),Zhang16 Fine-tuned (Ours),DeOldify (GAN)
000000546982.jpg,DeOldify (GAN),DeOldify (GAN),DeOldify (GAN)
000000547466.jpg,DeOldify (GAN),DeOldify (GAN),DeOldify (GAN)
000000547729.jpg,Zhang16 Fine-tuned (Ours),Zhang16 Fine-tuned (Ours),DeOldify (GAN)
000000548023.jpg,DeOldify (GAN),DeOldify (GAN),DeOldify (GAN)
000000548152.jpg,Zhang 2017 (Interactive CNN),Zhang16 Fine-tuned (Ours),DeOldify (GAN)
000000548290.jpg,DeOldify (GAN),DeOldify (GAN),DeOldify (GAN)
000000548392.jpg,Zhang16 Fine-tuned (Ours),Zhang16 Fine-tuned (Ours),DeOldify (GAN)
000000549516.jpg,DeOldify (GAN),DeOldify (GAN),DeOldify (GAN)
000000549791.jpg,DeOldify (GAN),Zhang16 Fine-tuned (Ours),Zhang16 Fine-tuned (Ours)
000000549863.jpg,DeOldify (GAN),Zhang16 Fine-tuned (Ours),DeOldify (GAN)
000000551893.jpg,Zhang 2017 (Interactive CNN),Zhang16 Fine-tuned (Ours),DeOldify (GAN)
000000552051.jpg,DeOldify (GAN),Zhang16 Fine-tuned (Ours),DeOldify (GAN)
000000552524.jpg,DeOldify (GAN),Zhang16 Fine-tuned (Ours),DeOldify (GAN)
000000553782.jpg,DeOldify (GAN),Zhang16 Fine-tuned (Ours),DeOldify (GAN)
000000554072.jpg,DeOldify (GAN),DeOldify (GAN),DeOldify (GAN)
000000554696.jpg,Zhang16 Fine-tuned (Ours),Zhang16 Fine-tuned (Ours),DeOldify (GAN)
000000555111.jpg,Zhang 2017 (Interactive CNN),Zhang16 Fine-tuned (Ours),DeOldify (GAN)
000000556059.jpg,Zhang16 Fine-tuned (Ours),Zhang16 Fine-tuned (Ours),DeOldify (GAN)
000000557665.jpg,Zhang16 Fine-tuned (Ours),Zhang16 Fine-tuned (Ours),DeOldify (GAN)
000000558003.jpg,DeOldify (GAN),DeOldify (GAN),DeOldify (GAN)
000000558059.jpg,DeOldify (GAN),DeOldify (GAN),DeOldify (GAN)
000000558240.jpg,Zhang16 Fine-tuned (Ours),DeOldify (GAN),Zhang16 Fine-tuned (Ours)
000000558583.jpg,DeOldify (GAN),DeOldify (GAN),DeOldify (GAN)
000000558778.jpg,Zhang16 Fine-tuned (Ours),Zhang16 Fine-tuned (Ours),DeOldify (GAN)
000000560672.jpg,Zhang16 Pretrained,Zhang16 Fine-tuned (Ours),DeOldify (GAN)
000000560696.jpg,DeOldify (GAN),DeOldify (GAN),DeOldify (GAN)
000000562022.jpg,Zhang16 Fine-tuned (Ours),Zhang16 Fine-tuned (Ours),Zhang16 Fine-tuned (Ours)
000000562439.jpg,DeOldify (GAN),Zhang16 Fine-tuned (Ours),DeOldify (GAN)
000000563425.jpg,Zhang16 Fine-tuned (Ours),Zhang16 Fine-tuned (Ours),Zhang16 Fine-tuned (Ours)
000000563629.jpg,Zhang16 Fine-tuned (Ours),DeOldify (GAN),DeOldify (GAN)
000000563703.jpg,Zhang16 Fine-tuned (Ours),Zhang16 Fine-tuned (Ours),DeOldify (GAN)
000000563908.jpg,DeOldify (GAN),DeOldify (GAN),DeOldify (GAN)
000000566196.jpg,DeOldify (GAN),Zhang16 Fine-tuned (Ours),DeOldify (GAN)
000000566702.jpg,Zhang16 Fine-tuned (Ours),Zhang16 Fine-tuned (Ours),Zhang16 Fine-tuned (Ours)
000000567272.jpg,DeOldify (GAN),DeOldify (GAN),DeOldify (GAN)
000000567623.jpg,DeOldify (GAN),DeOldify (GAN),DeOldify (GAN)
000000570575.jpg,Zhang16 Fine-tuned (Ours),Zhang16 Fine-tuned (Ours),DeOldify (GAN)
000000570764.jpg,DeOldify (GAN),Zhang16 Fine-tuned (Ours),DeOldify (GAN)
000000571027.jpg,DeOldify (GAN),Zhang16 Fine-tuned (Ours),DeOldify (GAN)
000000571463.jpg,DeOldify (GAN),DeOldify (GAN),DeOldify (GAN)
000000572190.jpg,DeOldify (GAN),Zhang16 Fine-tuned (Ours),DeOldify (GAN)
000000572389.jpg,Zhang16 Fine-tuned (Ours),Zhang16 Fine-tuned (Ours),Zhang16 Fine-tuned (Ours)
000000572562.jpg,Zhang16 Fine-tuned (Ours),Zhang16 Fine-tuned (Ours),Zhang16 Fine-tuned (Ours)
000000572576.jpg,Zhang16 Fine-tuned (Ours),Zhang16 Pretrained,Zhang16 Fine-tuned (Ours)
000000575930.jpg,DeOldify (GAN),Zhang16 Fine-tuned (Ours),DeOldify (GAN)
000000577218.jpg,DeOldify (GAN),DeOldify (GAN),DeOldify (GAN)
000000577335.jpg,Zhang16 Fine-tuned (Ours),Zhang16 Fine-tuned (Ours),DeOldify (GAN)
000000577784.jpg,DeOldify (GAN),DeOldify (GAN),DeOldify (GAN)
000000577861.jpg,DeOldify (GAN),Zhang16 Fine-tuned (Ours),DeOldify (GAN)
000000578062.jpg,DeOldify (GAN),Zhang16 Fine-tuned (Ours),DeOldify (GAN)
000000579250.jpg,DeOldify (GAN),Zhang16 Fine-tuned (Ours),DeOldify (GAN)
000000579597.jpg,DeOldify (GAN),Zhang16 Fine-tuned (Ours),DeOldify (GAN)
000000579714.jpg,Zhang16 Fine-tuned (Ours),Zhang16 Fine-tuned (Ours),Zhang16 Fine-tuned (Ours)
000000579733.jpg,DeOldify (GAN),Zhang16 Fine-tuned (Ours),DeOldify (GAN)
000000580610.jpg,DeOldify (GAN),DeOldify (GAN),DeOldify (GAN)
000000581265.jpg,Zhang16 Fine-tuned (Ours),Zhang16 Fine-tuned (Ours),DeOldify (GAN)
000000581342.jpg,DeOldify (GAN),DeOldify (GAN),DeOldify (GAN)
